Date,ENEL_logret,NKT_logret,VWS_logret,brent_price_logret,utilities_close_logret,us10y
2014-12-09,-0.057175,0.028645,0.049341,-0.057654,0.033976,0.131472
2014-12-10,-0.062379,0.002190,0.049126,-0.064816,0.043094,0.155172
2014-12-11,0.000583,-0.004005,0.046965,-0.043792,0.050963,-0.022100
2014-12-12,-0.031876,-0.004914,0.018358,-0.077685,0.057941,0.143083
2014-12-15,-0.062487,0.001824,-0.007660,-0.095416,0.028730,0.142683
2014-12-16,-0.031727,0.027519,-0.051480,-0.093819,0.036766,0.141883
2014-12-17,-0.053633,-0.002670,-0.069968,-0.097861,0.031187,0.142283
2014-12-18,-0.018159,0.015505,-0.006027,-0.112227,0.025828,0.141783
2014-12-19,0.001046,0.020801,0.007327,-0.101953,0.005169,0.141983
2014-12-22,-0.034202,0.018386,0.008182,-0.082371,0.026696,0.141383
2014-12-23,-0.002201,0.005728,-0.011947,-0.072887,0.031916,0.141083
2014-12-29,-0.034159,0.015845,-0.025830,-0.097510,0.022094,0.141183
2014-12-30,-0.050076,0.020399,-0.038966,-0.116016,0.029756,0.140583
2015-01-02,-0.052922,0.042737,0.087692,-0.173379,0.031762,0.117783
2015-01-05,-0.110001,0.052443,0.088273,-0.171991,0.013271,0.269372
2015-01-06,-0.095571,0.037690,0.092983,-0.176965,0.035185,0.269472
2015-01-07,-0.103353,0.012734,0.037545,-0.157831,0.048997,0.269972
2015-01-08,-0.040382,0.026792,0.047321,-0.190852,0.020977,0.270172
2015-01-09,-0.134975,-0.002129,-0.010114,-0.188187,0.043484,0.269672
2015-01-12,-0.132806,-0.015271,-0.002554,-0.237062,0.046353,0.269972
2015-01-13,-0.062948,0.027700,0.026645,-0.226315,0.005715,0.270172
2015-01-14,-0.077387,0.012264,-0.010848,-0.245507,-0.002455,0.269172
2015-01-15,-0.040601,0.018130,0.002206,-0.233864,0.015370,0.292572
2015-01-16,0.027250,0.038116,0.024033,-0.231572,-0.007517,0.128089
2015-01-20,0.068512,0.021325,0.017179,-0.238059,-0.031435,0.127389
2015-01-21,0.050793,0.045261,0.088513,-0.243317,-0.012922,0.127889
2015-01-22,0.098173,0.043062,0.116604,-0.255114,-0.021706,0.127189
2015-01-23,0.081046,0.030113,0.055769,-0.272217,0.003464,0.128089
2015-01-26,0.108575,0.051471,0.095606,-0.276365,0.012329,0.128489
2015-01-27,0.085641,0.003488,0.038908,-0.306203,-0.002945,0.128189
2015-01-28,0.059319,0.010900,0.070224,-0.298542,0.006740,0.128489
2015-01-29,0.087912,-0.004065,0.069386,-0.293799,-0.001600,0.284839
2015-01-30,0.085849,-0.000652,0.099276,-0.330674,-0.021350,0.284839
2015-02-02,0.078722,-0.038444,0.045824,-0.260919,-0.032624,0.285539
2015-02-03,0.173562,-0.007334,0.093326,-0.327454,-0.066508,0.281372
2015-02-04,0.151734,-0.019150,0.061375,-0.350089,-0.071819,0.280172
2015-02-05,0.121581,0.066094,0.137659,-0.357307,-0.075845,0.278872
2015-02-06,0.074384,0.051730,0.136407,-0.325984,-0.042727,0.278672
2015-02-09,0.099123,0.051674,0.163745,-0.355835,-0.081252,0.279772
2015-02-10,0.112489,0.046294,0.167680,-0.336168,-0.081127,0.278672
2015-02-11,0.091931,0.020944,0.072867,-0.381773,-0.034985,0.278572
2015-02-12,0.114194,0.067234,0.123890,-0.323481,-0.055083,0.278872
2015-02-13,0.079893,0.063409,0.111342,-0.289307,-0.029117,0.278772
2015-02-16,0.042334,0.067600,0.110666,-0.263597,0.010353,0.277772
2015-02-17,0.028836,0.077397,0.121251,-0.273111,0.050182,0.260372
2015-02-18,0.020673,0.088645,0.151824,-0.259216,0.030889,0.386561
2015-02-19,-0.000000,0.091975,0.116697,-0.261078,0.052073,0.387561
2015-02-20,-0.007566,0.089873,0.115424,-0.230782,0.033502,0.387161
2015-02-23,-0.027331,0.075279,0.074218,-0.245170,0.043562,0.385461
2015-02-24,0.009901,0.099728,0.102809,-0.225247,0.040467,0.386161
2015-02-25,0.012423,0.112983,0.083773,-0.227087,0.039332,0.386161
2015-02-26,-0.002478,0.123432,0.094559,-0.216211,0.045036,-0.770089
2015-02-27,0.027062,0.164519,0.083815,-0.157033,0.047912,-0.769389
2015-03-02,0.049271,0.169647,0.066865,-0.067987,0.047236,-0.748589
2015-03-03,-0.000000,0.157024,0.000370,0.063155,0.076468,-0.895811
2015-03-04,0.017178,0.179335,0.000731,0.094185,0.081151,-0.893911
2015-03-05,0.054604,0.140841,-0.000357,0.131950,0.070104,-0.893011
2015-03-06,0.047568,0.184200,-0.004266,0.122649,0.047487,-0.892711
2015-03-09,0.071096,0.185893,-0.039750,0.179379,0.044901,-0.892211
2015-03-10,0.050772,0.179346,-0.039849,0.173577,0.061275,-0.891611
2015-03-11,0.077249,0.191395,0.080600,0.169761,0.046348,-0.890511
2015-03-12,0.060018,0.200744,0.058670,0.204730,0.069006,-0.890511
2015-03-13,0.052446,0.235352,0.078839,0.235737,0.047684,-0.890111
2015-03-16,0.070029,0.235545,0.092015,0.261975,0.024074,-0.888911
2015-03-17,0.065023,0.228472,0.072779,0.268024,0.016715,-0.890811
2015-03-18,0.054740,0.178501,0.032096,0.266821,0.013782,-0.868589
2015-03-19,0.075554,0.188235,0.041517,0.243206,-0.009436,-0.869789
2015-03-20,0.096460,0.185509,0.054450,0.267180,-0.020141,-0.869689
2015-03-23,0.075187,0.170605,0.051919,0.260509,-0.018637,-0.868589
2015-03-24,0.066691,0.197530,0.052478,0.259302,0.002282,-0.869489
2015-03-25,0.057570,0.167829,0.059118,0.238868,-0.006479,-0.870189
2015-03-26,0.046069,0.137128,0.019501,0.275432,-0.013661,0.129511
2015-03-27,0.028710,0.099753,0.026678,0.264208,0.005929,0.129811
2015-03-30,0.019048,0.126457,0.041871,0.160536,0.004014,0.130411
2015-03-31,0.033820,0.111928,0.064191,0.117272,-0.006057,0.131211
2015-04-01,0.054451,0.108750,0.079677,0.071979,-0.004809,0.130511
2015-04-08,0.031142,0.080351,0.068577,0.074835,0.011601,0.130311
2015-04-09,0.057054,0.051448,0.080382,0.056870,-0.001790,0.130011
2015-04-10,0.061777,0.058275,0.100333,0.028877,0.019806,0.130111
2015-04-13,0.085174,0.065547,0.112905,0.002864,-0.002026,0.129611
2015-04-14,0.039958,0.065282,0.079041,0.054225,0.009942,0.128511
2015-04-15,0.061071,0.030907,0.082398,0.007618,0.002607,0.128311
2015-04-16,0.043023,-0.004644,0.058330,-0.096139,-0.002493,0.128311
2015-04-17,0.014843,-0.029563,0.014726,-0.168931,0.011093,0.128311
2015-04-20,0.026607,-0.019645,0.054191,-0.152753,0.011660,0.148211
2015-04-21,0.017262,0.003711,0.058150,-0.143747,0.019956,-0.000800
2015-04-22,-0.025537,-0.012169,0.046853,-0.104265,0.028380,-0.001400
2015-04-23,-0.041704,-0.025905,0.005044,-0.123951,0.039344,-0.001300
2015-04-24,0.002493,-0.021322,0.014837,-0.105026,0.025832,-0.002000
2015-04-27,-0.013730,-0.034280,0.027873,-0.118094,0.004669,-0.001400
2015-04-28,-0.004449,-0.047552,0.008393,-0.098192,0.003245,-0.001100
2015-04-29,-0.009002,-0.037001,0.022235,-0.073845,-0.006289,-0.000300
2015-04-30,-0.013730,-0.058146,0.010285,-0.092180,-0.011771,-0.000200
2015-05-04,-0.013730,-0.081567,0.046465,-0.117968,-0.006028,-0.000500
2015-05-05,-0.045096,-0.059487,0.051252,-0.130594,-0.004859,-0.001200
2015-05-06,-0.065751,-0.072383,0.056491,-0.060065,0.002239,-0.001800
2015-05-07,-0.064385,-0.064816,0.047643,-0.067006,0.011077,-0.002100
2015-05-08,-0.037127,-0.052644,0.039999,-0.054011,0.037351,-0.001700
2015-05-11,-0.046520,-0.067924,0.041061,-0.032040,0.038444,-0.002500
2015-05-12,-0.069634,-0.068721,0.027694,0.021046,0.056671,-0.002200
2015-05-13,-0.048904,-0.101264,0.021979,0.021551,0.041001,-0.001800
2015-05-19,-0.027542,-0.077746,0.026299,0.045878,0.051196,-0.001900
2015-05-20,0.006667,-0.086889,0.059369,0.092819,0.053612,-0.001700
2015-05-21,0.027573,-0.076319,0.108207,0.164699,0.038198,-0.002100
2015-05-22,0.020498,-0.077334,0.083506,0.159640,0.036752,-0.002100
2015-05-27,0.052572,-0.084508,0.072678,0.133817,0.028567,-0.001400
2015-05-28,0.066623,-0.088037,0.083929,0.126806,0.015243,0.000100
2015-05-29,0.052875,-0.085934,0.112541,0.150964,0.004234,0.000300
2015-06-01,0.022636,-0.089495,0.039762,0.156854,0.026066,0.000500
2015-06-02,0.022667,-0.110078,0.030771,0.159174,0.029536,0.000300
2015-06-03,0.018132,-0.072485,0.065159,0.144613,0.027562,0.000800
2015-06-04,0.015987,-0.073421,0.071597,0.115012,0.013777,0.000900
2015-06-09,0.008802,-0.078461,0.059961,0.124141,-0.002108,0.000700
2015-06-10,0.030206,-0.047144,0.050690,0.179725,-0.001467,0.002000
2015-06-11,0.073367,-0.040970,0.042254,0.197907,-0.014034,0.002300
2015-06-12,0.049460,-0.038710,0.006996,0.172464,-0.021614,0.002800
2015-06-15,0.042520,-0.075631,-0.024154,0.140486,-0.034571,0.003700
2015-06-16,0.003925,-0.076971,-0.007403,0.130001,-0.006239,0.002700
2015-06-17,0.008619,-0.079277,-0.021880,0.100385,-0.004222,0.002000
2015-06-18,0.039798,-0.074330,-0.012947,0.130267,-0.021845,0.003300
2015-06-19,0.046763,-0.031590,-0.004107,0.139558,-0.020924,0.003500
2015-06-22,0.006940,-0.034816,0.016863,0.067778,-0.004278,0.004800
2015-06-23,-0.009157,-0.031247,0.022605,0.054846,0.008511,0.005100
2015-06-24,-0.016292,-0.030734,-0.003302,0.053818,0.021834,0.005100
2015-06-25,-0.006699,-0.033245,0.002363,0.055614,0.018160,0.004700
2015-06-26,-0.001519,-0.026276,0.000258,0.020253,0.013895,0.153011
2015-06-29,-0.060383,-0.031006,-0.011701,-0.000000,0.017666,0.152811
2015-06-30,-0.066044,-0.014321,-0.007636,0.007948,0.006452,0.152011
2015-07-01,-0.041853,-0.003198,0.081356,-0.001431,-0.011382,0.152211
2015-07-02,-0.044414,-0.002555,0.075569,0.004444,-0.024708,0.153211
2015-07-03,-0.039997,-0.028298,0.056100,0.002712,-0.026291,0.153911
2015-07-06,-0.061520,-0.030807,0.056140,-0.058419,-0.023656,0.154411
2015-07-07,-0.072261,-0.042104,0.045365,-0.010540,-0.036626,0.153611
2015-07-08,-0.070675,-0.065461,0.015369,0.000928,-0.020140,0.153211
2015-07-09,-0.035761,-0.071211,0.053825,-0.026008,0.006172,0.153611
2015-07-10,0.004739,-0.044839,0.101108,-0.046836,-0.001284,0.152211
2015-07-13,0.038100,0.023186,0.152612,-0.062600,-0.020015,0.151611
2015-07-14,0.033336,-0.000466,0.127487,-0.049300,-0.053257,0.152011
2015-07-15,0.052021,0.009358,0.147667,-0.033506,-0.059167,0.151811
2015-07-16,0.039586,0.029454,0.158088,-0.058850,-0.040897,0.150611
2015-07-17,0.018562,0.013667,0.151443,-0.110180,-0.036044,0.150911
2015-07-20,0.041673,0.012390,0.127677,-0.047421,-0.037417,0.149111
2015-07-21,0.030341,0.014764,0.107412,-0.029557,-0.041218,0.149811
2015-07-22,0.039771,0.024320,0.145991,-0.048612,-0.045686,0.150411
2015-07-23,0.014052,0.021754,0.139581,-0.071425,-0.051301,0.150711
2015-07-24,-0.018519,0.024258,0.147624,-0.019920,-0.046361,0.002300
2015-07-27,0.019231,0.000268,0.128612,-0.018297,-0.073630,0.003200
2015-07-28,0.052770,-0.011281,0.129819,-0.046173,-0.076867,0.001700
2015-07-29,0.023811,-0.015556,0.099645,-0.019596,-0.072339,0.002000
2015-07-30,0.021558,-0.014070,0.065262,-0.022584,-0.050661,0.002100
2015-07-31,0.040434,0.001551,0.072098,-0.061083,-0.055518,0.001000
2015-08-03,0.096694,0.023261,0.125612,-0.053616,-0.049287,-24.000100
2015-08-04,0.107683,0.055864,0.145854,-0.144550,-0.035780,-0.999900
2015-08-05,0.103085,0.059084,0.146862,-0.149472,-0.047051,-1.000500
2015-08-06,0.056619,0.041690,0.110153,-0.097618,-0.028941,-1.001800
2015-08-07,0.034847,0.007715,0.044838,-0.090542,0.001096,-0.000700
2015-08-10,0.027652,-0.010327,0.038635,-0.056667,0.026288,0.999300
2015-08-11,0.020858,-0.001599,0.017260,-0.060213,0.022454,0.999800
2015-08-12,-0.030412,-0.040736,-0.020945,-0.057769,0.034185,0.999900
2015-08-13,-0.023096,-0.021892,-0.009315,-0.068446,0.037064,0.999400
2015-08-14,-0.027974,-0.013135,0.009818,-0.052348,0.029711,0.999100
2015-08-17,-0.027588,-0.016708,0.001325,-0.070481,0.013689,0.999800
2015-08-18,-0.020907,-0.005071,0.030018,-0.097518,-0.003214,0.999100
2015-08-19,-0.046957,-0.020413,0.000000,-0.089389,-0.001379,0.998300
2015-08-20,-0.057432,0.013881,-0.082852,-0.077280,-0.005374,0.998500
2015-08-21,-0.075187,-0.020361,-0.144377,-0.102335,-0.011724,0.997800
2015-08-24,-0.118676,-0.081248,-0.150731,-0.087766,0.004488,0.996800
2015-08-25,-0.077709,-0.038338,-0.087035,-0.104974,0.024048,0.998000
2015-08-26,-0.091084,-0.041308,-0.099933,-0.119061,0.025376,0.998100
2015-08-27,-0.036192,-0.037077,-0.021377,-0.128430,0.019350,0.997600
2015-08-28,-0.057570,-0.042665,-0.038477,-0.102805,0.028424,0.997800
2015-09-01,-0.096902,-0.063064,-0.097612,-0.144608,0.050894,24.997000
2015-09-02,-0.089966,-0.072311,-0.078641,-0.108778,0.062016,1.996600
2015-09-03,-0.083103,-0.054851,-0.058115,-0.127344,0.069725,1.997600
2015-09-04,-0.101500,-0.062474,-0.083484,-0.190482,0.043991,1.998600
2015-09-07,-0.088332,-0.061262,-0.078285,-0.194032,0.018457,0.998100
2015-09-08,-0.077925,-0.052780,-0.074328,-0.176612,0.011268,-0.002400
2015-09-09,-0.061394,-0.042355,-0.038955,-0.189410,-0.003744,-0.002000
2015-09-10,-0.046236,-0.005023,-0.012700,-0.171774,-0.028353,-0.002600
2015-09-11,-0.062727,-0.050915,-0.049899,-0.177066,-0.033648,-0.002200
2015-09-14,-0.050976,-0.062656,-0.064365,-0.165298,-0.032282,-0.001700
2015-09-15,-0.057570,-0.069911,-0.070259,-0.166426,-0.030155,-0.001400
2015-09-16,-0.043117,-0.065246,-0.088401,-0.174132,-0.018128,-0.002200
2015-09-17,-0.026798,-0.048456,-0.092130,-0.208568,-0.030048,-0.001500
2015-09-18,-0.037913,-0.082723,-0.019413,-0.200491,-0.033985,-0.002100
2015-09-21,0.009951,-0.054339,0.037832,-0.213793,-0.061237,-0.001900
2015-09-22,0.028656,0.021121,0.044458,-0.262420,-0.112644,-0.002200
2015-09-23,-0.015555,-0.014000,-0.013431,-0.260194,-0.076896,-0.002200
2015-09-24,-0.018676,-0.022003,-0.064281,-0.270473,-0.102078,-0.001400
2015-09-25,-0.025027,-0.028088,-0.060719,-0.199750,-0.076699,-0.001100
2015-09-28,-0.043209,-0.032712,-0.080512,-0.105173,-0.070732,-0.001000
2015-09-29,-0.012870,-0.026227,-0.036474,-0.014040,-0.104517,0.000000
2015-09-30,0.020254,-0.008777,-0.025354,-0.029149,-0.103981,0.000000
2015-10-01,-0.030382,-0.027901,-0.042369,0.027553,-0.102335,-0.000400
2015-10-02,0.015229,-0.019410,-0.008574,0.016392,-0.123139,-0.001100
2015-10-05,0.007509,0.026787,0.035708,-0.023841,-0.112231,-0.001100
2015-10-06,0.009852,0.023312,0.025946,0.011937,-0.101477,-0.021900
2015-10-07,-0.009877,0.020359,0.032943,0.014890,-0.079216,21.977500
2015-10-08,0.002503,0.014703,0.043479,-0.010827,-0.083953,21.978500
2015-10-09,0.014926,0.041538,0.072636,-0.024032,-0.101479,21.978800
2015-10-12,0.005000,0.042154,0.046944,-0.041005,-0.101805,21.978000
2015-10-13,-0.000000,0.012945,0.060591,-0.039715,-0.109203,21.977700
2015-10-14,-0.002472,0.017946,0.043152,0.048790,-0.096716,22.978100
2015-10-15,0.019705,0.012013,0.065055,0.053618,-0.078043,22.977900
2015-10-16,0.060018,0.001057,0.068724,0.035522,-0.082162,22.977800
2015-10-19,0.032141,0.007655,0.068537,0.083126,-0.043162,22.977300
2015-10-20,0.073358,0.030691,0.104919,0.115670,-0.003678,22.978400
2015-10-21,0.050388,0.037551,0.108071,0.136870,-0.040927,22.978200
2015-10-22,0.100587,0.047364,0.168405,0.119484,-0.034282,22.977300
2015-10-23,0.071021,0.059326,0.142943,0.061497,-0.038842,22.976400
2015-10-26,0.094129,0.069753,0.184098,-0.041065,-0.057722,22.976800
2015-10-27,0.072441,0.060625,0.154702,-0.025318,-0.029853,22.975900
2015-10-28,0.058411,0.052029,0.128687,-0.008003,-0.002369,22.975800
2015-10-29,0.062287,0.047739,0.128395,-0.059881,-0.028724,22.975600
2015-10-30,0.056318,0.047731,0.126294,-0.042891,0.010744,22.975700
2015-11-02,0.055772,0.042071,0.112573,0.063232,0.023718,22.975600
2015-11-03,0.031366,0.024273,0.089258,0.049102,0.013229,22.997700
2015-11-04,0.041318,0.034394,0.061022,0.072650,0.010215,0.997500
2015-11-05,0.034401,0.033287,0.102654,0.087343,0.032521,0.997700
2015-11-06,0.033984,0.013673,0.092898,0.105403,0.046010,0.997900
2015-11-09,0.017306,0.029039,0.124147,0.105033,0.050266,0.998200
2015-11-10,0.031826,0.041845,0.116679,0.063912,0.039215,0.977200
2015-11-11,0.017178,0.035020,0.138221,-0.022542,0.033045,0.120256
2015-11-12,-0.019705,-0.075615,0.116982,-0.008321,0.036707,0.119356
2015-11-13,-0.009756,-0.101119,0.114221,0.034916,0.061281,0.120756
2015-11-16,0.000000,-0.087686,0.127929,-0.002733,0.055067,0.121556
2015-11-17,0.026476,-0.084894,0.140165,0.005127,0.084798,0.120856
2015-11-18,0.004902,-0.088249,0.127949,-0.027029,0.081286,0.121856
2015-11-19,-0.019324,-0.083202,0.117117,-0.010037,0.111401,0.121256
2015-11-20,-0.028779,-0.079934,0.104258,-0.020945,0.096634,0.121556
2015-11-23,-0.026349,-0.076692,0.094780,0.011446,0.109415,0.121656
2015-11-24,-0.024391,-0.076712,0.100205,-0.043821,0.093787,0.122156
2015-11-25,-0.023925,-0.086722,0.111733,0.006534,0.074483,0.122456
2015-11-26,0.004819,-0.080856,0.105411,0.011725,0.078230,0.122856
2015-11-27,-0.011976,-0.070726,0.137791,0.030674,0.067892,0.123856
2015-11-30,-0.016647,-0.081421,0.136295,-0.031638,0.055072,0.124156
2015-12-01,-0.011948,-0.083385,0.146855,-0.067269,0.050914,0.123756
2015-12-02,-0.007168,-0.091118,0.159580,-0.095388,0.051964,0.124256
2015-12-03,-0.012151,-0.083601,0.100543,-0.099559,0.043924,0.124156
2015-12-04,-0.029058,-0.087555,0.086314,-0.122185,0.031697,0.123856
2015-12-07,-0.000000,-0.093797,0.090163,-0.115773,0.015645,0.124656
2015-12-08,-0.039317,-0.096740,0.092352,-0.052434,0.033569,0.146056
2015-12-09,-0.019657,-0.111804,0.084160,-0.070178,0.021753,0.002600
2015-12-10,-0.012516,-0.017067,0.073226,-0.062271,0.004438,-0.019900
2015-12-11,-0.050262,0.006062,0.055518,-0.153810,-0.005281,0.140711
2015-12-14,-0.091667,-0.032759,0.043291,-0.165085,-0.000818,0.140311
2015-12-15,-0.076486,-0.041107,0.047660,-0.128279,0.015662,0.140211
2015-12-16,-0.047568,-0.005626,0.090521,-0.119684,0.010074,0.139611
2015-12-17,-0.027196,0.009322,0.104201,-0.098492,0.002911,0.140211
2015-12-18,-0.047331,-0.010129,0.097134,-0.085873,-0.005205,0.139911
2015-12-21,-0.067780,-0.023991,0.093526,-0.063608,-0.014031,0.139611
2015-12-22,-0.058466,0.005866,0.084109,-0.025802,-0.012523,0.139711
2015-12-23,-0.057301,0.020088,0.083109,-0.088693,-0.007814,0.139811
2015-12-28,-0.069680,0.023714,0.077247,-0.098124,0.009474,0.139211
2015-12-29,-0.057017,0.022995,0.064235,-0.108374,0.003674,0.116011
2015-12-30,-0.069507,0.022675,0.048925,-0.091290,-0.006505,0.270478
2016-01-04,-0.095791,-0.010362,0.032944,-0.110699,-0.003502,0.269978
2016-01-05,-0.079843,-0.010870,0.026925,-0.113533,-0.014066,0.269078
2016-01-06,-0.084126,-0.025389,0.025443,-0.116512,-0.032998,0.269178
2016-01-07,-0.076568,-0.039743,0.007430,-0.106349,-0.025960,0.270578
2016-01-08,-0.087011,-0.031033,-0.022681,-0.133972,-0.006989,0.269278
2016-01-11,-0.062035,-0.042624,-0.037958,-0.163381,-0.031897,0.268578
2016-01-12,-0.080043,-0.007275,-0.008984,-0.141631,-0.018200,0.269078
2016-01-13,-0.049042,0.009702,-0.011540,-0.151671,-0.009392,0.292078
2016-01-14,-0.036750,0.024190,0.002946,-0.126546,-0.022382,0.131167
2016-01-15,-0.021564,0.016203,-0.087073,-0.098269,-0.046370,0.130467
2016-01-18,-0.080043,0.018047,-0.089990,-0.091780,-0.045693,1.130567
2016-01-19,-0.066249,-0.021655,-0.073606,-0.114652,-0.038003,1.131267
2016-01-20,-0.119665,-0.006404,-0.125274,-0.151352,-0.032230,1.131267
2016-01-21,-0.071364,0.047867,-0.128548,-0.144858,-0.049239,1.130967
2016-01-22,-0.031665,0.099928,-0.103495,-0.212333,-0.050381,1.130267
2016-01-25,-0.029219,0.090013,-0.088032,-0.230040,-0.043320,1.130467
2016-01-26,-0.036558,0.096412,-0.094058,-0.196471,-0.025662,1.130967
2016-01-27,-0.018206,0.079575,-0.083847,-0.160832,-0.038842,1.108567
2016-01-28,-0.065900,0.064675,-0.106785,-0.155971,-0.021725,1.286422
2016-01-29,-0.031334,0.065634,-0.077102,-0.204285,-0.020947,1.133056
2016-02-01,-0.005305,0.097735,-0.065212,-0.169236,-0.055571,1.110456
2016-02-02,-0.039740,0.077278,-0.095500,-0.164542,-0.041324,1.266611
2016-02-03,-0.035186,0.080002,-0.097185,-0.214550,-0.022742,1.266411
2016-02-04,-0.032348,0.091854,-0.082095,-0.210614,-0.028579,1.264211
2016-02-05,-0.052138,0.088484,-0.061781,-0.225729,-0.043743,1.264511
2016-02-08,-0.068993,0.037712,-0.147461,-0.268927,-0.020661,1.264711
2016-02-09,-0.063822,-0.038050,-0.102357,-0.292475,-0.031248,1.265011
2016-02-10,-0.068426,-0.002039,-0.039149,-0.301840,-0.025280,1.264711
2016-02-11,-0.095310,-0.000303,-0.052485,-0.248884,-0.022241,1.264111
2016-02-12,-0.036065,0.049016,0.005852,-0.237211,-0.029208,1.265411
2016-02-16,-0.025038,0.059147,-0.017198,-0.319516,-0.058173,0.264711
2016-02-17,-0.036080,0.086204,-0.045438,-0.300754,-0.040794,0.243911
2016-02-18,-0.008230,0.053149,0.006644,-0.333061,-0.082726,0.386767
2016-02-19,-0.041590,-0.005506,0.002686,-0.286957,-0.056907,0.386867
2016-02-22,-0.033336,-0.030661,0.001408,-0.148601,-0.020885,0.387467
2016-02-23,-0.052385,-0.045854,0.012001,-0.167570,-0.016387,0.387867
2016-02-24,-0.093629,-0.071753,-0.020098,-0.145619,-0.034021,0.387067
2016-02-25,-0.078982,-0.044990,-0.004556,-0.152668,-0.016899,0.409367
2016-02-26,-0.030615,-0.134167,0.011696,-0.110045,-0.041483,0.253911
2016-02-29,-0.052079,-0.096496,-0.010427,-0.073008,-0.025877,0.252911
2016-03-01,-0.038670,-0.084087,0.012900,-0.111566,0.012929,0.275011
2016-03-02,-0.022584,-0.077626,0.036800,-0.137880,-0.013791,0.119756
2016-03-03,-0.011537,-0.070681,0.049936,-0.045579,-0.025605,-0.880344
2016-03-04,-0.017032,-0.072713,0.041356,-0.024425,-0.016715,-0.879544
2016-03-07,-0.002821,-0.063649,0.033067,0.021244,-0.018452,-0.879444
2016-03-08,0.016813,-0.002472,0.109445,0.048569,-0.046608,-0.879244
2016-03-09,0.049128,0.042939,0.047374,0.034073,-0.058564,-0.880744
2016-03-10,0.042995,0.017247,-0.017069,0.036418,-0.064769,-0.880344
2016-03-11,0.106426,0.027683,0.025615,-0.000694,-0.086624,-0.880244
2016-03-14,0.063513,-0.002437,0.055043,0.099091,-0.040504,-0.881244
2016-03-15,0.069177,-0.024496,0.054656,0.127804,-0.010614,-0.897944
2016-03-16,0.068993,-0.052161,0.034248,0.193769,-0.027828,-0.754033
2016-03-17,0.079407,-0.053653,0.050710,0.244069,0.012144,-0.896789
2016-03-18,0.079618,-0.034817,0.054449,0.137601,-0.007280,-0.896889
2016-03-21,0.049683,-0.031113,0.028873,0.097814,-0.012353,-0.896889
2016-03-22,0.071554,-0.014548,0.012560,0.067427,-0.032531,-0.897289
2016-03-23,0.094282,-0.006876,0.038319,0.017938,-0.069673,-0.897189
2016-03-30,0.073954,0.004993,0.044063,0.030933,-0.062827,-0.896889
2016-03-31,0.037707,0.116732,0.017321,0.080019,-0.051006,-0.897389
2016-04-01,0.027145,0.045023,0.009761,0.080553,-0.060455,-0.896689
2016-04-04,0.006030,0.045980,-0.010772,0.096290,-0.059016,-0.896289
2016-04-05,-0.028411,0.071814,-0.016484,0.160677,-0.045414,-0.895689
2016-04-06,-0.014981,0.072267,-0.008328,0.099009,-0.029740,0.104411
2016-04-07,-0.033926,0.095096,-0.008051,0.138062,-0.027303,0.104211
2016-04-08,0.006599,0.079564,0.018644,0.187460,-0.021040,0.104811
2016-04-11,0.006454,0.098665,0.037099,0.213234,-0.001753,0.105211
2016-04-12,-0.030967,0.079946,0.017583,0.289173,0.022591,0.105511
2016-04-13,-0.017736,0.069640,0.029011,0.264904,0.018983,0.106311
2016-04-14,-0.038422,0.069812,0.028582,0.312950,0.075906,0.106911
2016-04-15,-0.043704,0.065097,0.002331,0.179698,0.059137,0.108211
2016-04-18,-0.022931,0.079518,0.002705,0.187188,0.026869,0.125511
2016-04-19,-0.012694,0.099058,0.001275,0.144685,0.022163,0.001900
2016-04-20,-0.020357,0.065326,-0.056424,0.168420,0.021467,0.001300
2016-04-21,-0.025472,0.065707,-0.052317,0.215152,0.032056,0.001600
2016-04-26,-0.012668,0.046547,-0.033513,0.172399,0.008206,0.001200
2016-04-27,0.002529,0.040382,-0.028367,0.239683,0.022596,0.001500
2016-04-28,0.025092,0.026137,-0.016740,0.209463,0.047240,0.002000
2016-04-29,-0.004909,-0.004319,0.001589,0.112795,0.048136,0.001100
2016-05-02,0.020409,-0.012534,-0.007847,0.027308,0.028611,0.001700
2016-05-03,0.007715,0.001333,-0.033810,0.013824,0.011120,0.000700
2016-05-04,0.020646,-0.010723,-0.038984,0.008916,0.008017,0.001000
2016-05-10,0.077959,-0.010432,-0.015267,-0.013839,-0.009022,0.000000
2016-05-11,0.070067,-0.015490,-0.026668,0.054965,-0.004576,-0.000600
2016-05-12,0.099037,-0.029829,-0.013490,-0.012306,-0.008770,-0.000200
2016-05-13,0.072081,-0.038610,-0.039736,0.042399,0.012494,-0.001300
2016-05-18,0.074342,-0.051362,-0.037015,0.059963,0.024787,-0.001400
2016-05-19,0.072209,-0.036822,-0.031834,0.066307,0.017434,-0.000500
2016-05-20,0.066325,-0.024648,-0.021948,0.102743,0.032386,-0.000600
2016-05-23,0.051028,-0.027190,-0.044181,0.087646,0.011955,-0.001100
2016-05-24,0.086338,-0.014825,-0.005155,0.082183,0.009616,-0.001300
2016-05-25,0.070592,-0.012039,0.032548,0.104987,0.024051,-0.001600
2016-05-26,0.067568,-0.029877,0.023887,0.114129,0.035824,-0.001400
2016-05-27,0.065132,0.011390,0.080356,0.092321,0.027273,-0.001000
2016-05-31,0.060585,0.004703,0.091264,0.102095,0.009755,-0.000100
2016-06-01,0.040382,0.002688,0.067757,0.096198,0.022191,0.000400
2016-06-02,0.030212,0.003734,0.057928,0.085757,0.043214,0.000300
2016-06-03,0.005342,0.007331,0.046693,0.160457,0.043974,-0.000600
2016-06-06,0.035250,0.012574,0.004416,0.216646,0.014590,-0.000100
2016-06-07,0.049956,0.008858,0.029969,0.220582,0.028760,-0.000400
2016-06-08,0.072645,0.015023,0.038060,0.168173,0.028880,0.000600
2016-06-09,0.067653,0.005598,0.042829,0.178152,0.012460,-0.000200
2016-06-10,0.010209,-0.038694,0.000253,0.204237,0.040382,-0.000300
2016-06-13,-0.002465,-0.046439,-0.018677,0.198864,0.019608,0.000200
2016-06-14,-0.030509,-0.056274,-0.039939,0.222982,0.028442,-0.000500
2016-06-15,-0.015044,-0.047759,-0.023469,0.144737,0.021642,0.000300
2016-06-16,-0.017509,-0.074227,-0.042791,0.162771,0.011390,0.000200
2016-06-17,0.015235,-0.053333,-0.003364,0.088695,-0.004190,0.001200
2016-06-20,-0.012413,-0.034078,0.021113,0.125616,-0.005521,0.000400
2016-06-21,0.000184,-0.060771,0.016771,0.104733,-0.014391,0.000600
2016-06-22,-0.042512,-0.066640,0.017539,0.158566,0.004210,0.000200
2016-06-23,-0.022215,-0.056634,-0.003722,0.160102,0.010428,0.000800
2016-06-24,-0.137355,-0.080980,-0.060515,0.140712,0.005096,0.000700
2016-06-27,-0.137701,-0.143858,-0.127833,0.130364,0.004977,0.000200
2016-06-28,-0.084557,-0.126710,-0.108381,0.124811,0.012703,-0.018900
2016-06-29,-0.035268,-0.119494,-0.064201,0.105110,-0.012919,0.108678
2016-06-30,-0.017435,-0.078919,-0.044519,0.104794,-0.032485,0.108478
2016-07-01,-0.010000,-0.071273,-0.032368,0.061656,-0.032418,0.108778
2016-07-04,-0.017435,-0.069088,-0.053857,0.069811,-0.019524,-0.890922
2016-07-05,-0.037179,-0.112555,-0.063106,0.082491,-0.005313,-0.890622
2016-07-06,-0.062442,-0.136025,-0.070712,0.163226,0.015279,-0.891222
2016-07-07,-0.065186,-0.114945,-0.054007,0.160695,0.018946,-0.890622
2016-07-08,-0.012642,-0.080352,-0.014805,0.121588,-0.013975,-0.890722
2016-07-11,0.010152,-0.051266,0.028013,0.068761,-0.010830,-0.891122
2016-07-12,0.033209,-0.036293,0.059844,0.030752,-0.037506,-0.890922
2016-07-13,0.017744,-0.053680,0.050287,0.008887,-0.033745,-0.891122
2016-07-14,0.015152,-0.014915,0.073008,-0.069168,-0.034031,-0.891422
2016-07-15,-0.007491,-0.036376,0.025929,-0.009404,-0.005438,-0.892822
2016-07-18,0.010050,-0.059555,-0.010243,0.002880,0.016814,-0.892122
2016-07-19,-0.000000,-0.038447,0.009808,0.008546,0.026340,-0.891622
2016-07-20,0.017744,-0.022516,0.003931,0.000207,0.004941,-0.891122
2016-07-21,0.004988,-0.032680,-0.011752,-0.004923,0.000979,-0.891522
2016-07-22,0.112833,-0.006322,0.048092,-0.058847,-0.089570,-0.891122
2016-07-25,0.115614,0.037660,0.080631,-0.085439,-0.106744,-0.892422
2016-07-26,0.072196,0.049718,0.062675,-0.062186,-0.068258,-0.875022
2016-07-27,0.030305,0.051673,0.037715,-0.008435,-0.009410,-1.002800
2016-07-28,0.007509,0.024336,0.031970,-0.020598,0.021458,-1.002500
2016-07-29,0.034571,0.018244,0.011696,-0.017681,0.021301,-1.002200
2016-08-01,0.029705,0.006768,0.027183,-0.018977,0.021879,-0.002500
2016-08-02,0.020001,0.049989,0.020014,-0.086427,-0.007288,-0.017300
2016-08-03,0.037931,0.078511,0.067271,-0.104419,-0.031874,0.077939
2016-08-04,0.045578,0.069588,0.073848,-0.096635,-0.020331,0.078139
2016-08-05,0.039906,0.084350,0.068556,-0.109842,0.016508,0.078639
2016-08-08,0.027399,0.069633,0.048948,-0.114042,0.040166,0.078739
2016-08-09,0.019901,0.067910,0.067589,-0.024526,0.059040,0.079539
2016-08-10,0.017435,0.075309,0.061620,-0.060796,0.059501,1.079539
2016-08-11,0.029632,0.096447,0.070503,0.007636,0.061784,1.079239
2016-08-12,0.027196,0.105384,0.088550,-0.006895,0.047711,1.080039
2016-08-17,0.004541,0.095954,0.088809,-0.070858,0.017840,1.080239
2016-08-18,0.014610,0.190521,0.174012,-0.052846,0.009861,1.079639
2016-08-19,-0.000677,0.137553,0.162936,-0.055399,0.020954,1.078939
2016-08-22,-0.008110,0.129165,0.214415,-0.077800,0.015608,1.079439
2016-08-23,-0.000390,0.143423,0.191446,-0.053901,0.102846,1.078739
2016-08-24,-0.000390,0.149513,0.207389,-0.029497,0.121133,1.080439
2016-08-25,0.004629,0.116373,0.193004,-0.060787,0.088834,1.081639
2016-08-26,0.012196,0.130246,0.188835,-0.123429,0.045529,1.081539
2016-08-29,-0.000504,0.119165,0.165905,-0.137673,0.012029,1.080639
2016-08-30,-0.017413,0.130457,0.183654,-0.156181,0.012786,1.080739
2016-08-31,-0.012547,0.133412,0.181666,-0.178497,0.000168,1.080439
2016-09-01,-0.000333,0.146720,0.201364,-0.131905,0.005012,1.095539
2016-09-02,0.024674,0.139926,0.189456,-0.122032,0.018713,1.000800
2016-09-05,0.022196,0.122756,0.178720,-0.105530,0.020229,1.000700
2016-09-06,0.004933,0.096041,0.172341,-0.047365,0.008068,1.000100
2016-09-07,0.036830,0.111159,0.178459,-0.018332,-0.000745,1.001200
2016-09-08,0.034436,0.108783,0.142817,-0.074404,0.001221,1.000600
2016-09-09,0.022196,0.075585,0.130495,-0.057119,-0.020059,0.000200
2016-09-12,-0.012461,0.048834,0.121143,-0.039455,-0.008262,0.000200
2016-09-13,-0.025254,0.043400,0.114603,-0.024736,-0.009673,0.000400
2016-09-14,-0.002548,0.049870,0.119013,0.068802,-0.045230,-0.000100
2016-09-15,0.000000,-0.046542,0.025808,0.079066,-0.031369,-0.000100
2016-09-16,-0.002574,-0.010804,0.014733,0.075027,-0.051742,-0.000100
2016-09-19,0.010204,-0.005788,-0.019661,0.066842,-0.049947,0.000100
2016-09-20,-0.002541,-0.030135,0.006303,0.096050,-0.045119,0.000000
2016-09-21,-0.007643,0.102989,-0.009025,0.083272,-0.050665,0.000000
2016-09-22,0.022529,0.107382,0.007194,0.122770,-0.051701,0.000000
2016-09-23,-0.002516,0.089911,-0.009923,0.149129,-0.046465,0.000300
2016-09-26,0.000000,0.082593,-0.005464,0.170630,-0.041671,0.001200
2016-09-27,-0.007605,0.077276,-0.030996,0.162249,-0.044770,0.000700
2016-09-28,0.000000,0.079897,-0.014559,0.176830,-0.039405,0.001300
2016-09-29,0.005051,0.082824,-0.015448,0.118894,-0.027863,0.000900
2016-09-30,-0.017479,0.073762,-0.026234,0.127705,0.003545,0.000400
2016-10-03,-0.032707,0.083922,-0.030550,0.122584,0.004200,0.000700
2016-10-04,-0.027745,0.081665,-0.014337,0.084398,0.001592,-15.998900
2016-10-05,-0.070204,0.101636,-0.025001,0.083382,0.001016,-15.892061
2016-10-06,-0.070558,0.102181,-0.007143,0.126735,-0.001051,-15.892161
2016-10-07,-0.071642,0.128996,-0.003643,0.136697,-0.001918,-15.891061
2016-10-10,-0.035901,0.150176,0.002726,0.078041,-0.026142,-15.889961
2016-10-11,-0.031171,0.177523,-0.037076,0.029697,-0.037475,-15.890561
2016-10-12,-0.047006,0.174329,-0.039002,-0.062208,-0.007266,-15.890261
2016-10-13,-0.046762,0.173060,-0.056142,-0.076225,-0.015375,-15.890461
2016-10-14,-0.010363,0.202575,-0.026866,-0.087324,-0.011706,-15.890061
2016-10-17,-0.030930,0.180932,-0.036769,-0.043772,-0.002939,-15.890661
2016-10-18,-0.005102,0.198633,-0.033778,-0.073697,-0.012766,-15.890361
2016-10-19,0.002554,0.065798,-0.014612,-0.033568,-0.017511,-15.890461
2016-10-20,-0.022529,0.050113,-0.025410,-0.042304,0.005140,-15.890861
2016-10-21,-0.007585,0.067718,-0.011856,-0.061242,-0.010489,-15.891361
2016-10-24,-0.002554,0.072975,0.002736,-0.063385,-0.012685,-15.891861
2016-10-25,-0.005102,0.070885,0.003697,-0.064399,-0.006718,-15.891661
2016-10-26,-0.002528,0.070273,-0.011060,-0.052458,0.002409,-15.891961
2016-10-27,-0.007585,0.052988,-0.010124,0.072346,0.012234,-15.891961
2016-10-28,-0.007585,0.069141,-0.009208,0.048417,-0.020034,-15.891961
2016-10-31,0.002554,0.071259,-0.008246,0.039657,-0.032148,-15.891861
2016-11-01,0.002554,0.059180,-0.049964,0.054739,-0.033457,0.108439
2016-11-02,-0.000000,0.022181,-0.089810,0.053238,-0.054526,0.001400
2016-11-03,-0.000000,0.003861,-0.110551,0.018316,-0.064622,0.001800
2016-11-04,0.013175,0.003747,-0.096077,0.042896,-0.072706,0.001400
2016-11-07,0.002608,-0.012639,-0.060795,0.074914,-0.052851,0.000600
2016-11-08,0.020888,-0.035975,-0.116863,0.082555,-0.041973,-0.016800
2016-11-09,0.010638,-0.039408,-0.202988,0.081575,-0.044481,0.105617
2016-11-10,-0.029692,-0.023155,-0.198193,0.072782,-0.041264,0.106117
2016-11-11,-0.053489,-0.038384,-0.208001,0.076740,-0.016448,0.105617
2016-11-14,-0.056543,0.017850,-0.208504,0.068616,-0.034216,0.106217
2016-11-15,-0.068810,0.032732,-0.201104,0.096234,-0.010260,0.105917
2016-11-16,-0.071364,0.022401,-0.212392,0.119931,-0.001063,0.105817
2016-11-17,-0.065383,0.038126,-0.205154,0.065782,-0.018811,0.106217
2016-11-18,-0.084707,0.015822,-0.213329,0.073649,-0.009680,0.106517
2016-11-21,-0.068810,0.018284,-0.217694,0.066200,-0.011456,0.106417
2016-11-22,-0.039118,0.019165,-0.227072,0.087901,-0.016388,0.107017
2016-11-23,-0.054630,0.010030,-0.203414,0.073920,-0.019220,0.107317
2016-11-24,-0.054772,0.038356,-0.154552,0.014350,-0.031404,0.107417
2016-11-25,-0.052095,0.026087,-0.141892,-0.009581,-0.024704,0.108117
2016-11-28,-0.057759,0.033377,-0.136190,-0.050849,-0.019455,0.107817
2016-11-29,-0.033726,0.061367,-0.114042,-0.064306,-0.029014,0.107317
2016-11-30,-0.010444,0.067928,-0.087389,-0.113304,-0.026877,0.106617
2016-12-01,-0.010499,0.092360,-0.103894,-0.134272,-0.014285,0.106117
2016-12-02,0.002614,0.090631,-0.129122,-0.159181,0.001548,0.105917
2016-12-05,-0.026387,0.092493,-0.169863,-0.185119,-0.001210,0.105817
2016-12-06,0.015385,0.087946,-0.102276,-0.149506,0.001466,0.123517
2016-12-07,0.043992,0.091379,-0.011199,-0.121120,-0.007505,0.001100
2016-12-08,0.081517,0.093407,-0.049800,-0.121060,-0.051890,0.002800
2016-12-09,0.086782,0.073843,-0.085646,-0.160823,-0.064132,0.004000
2016-12-12,0.105083,0.041507,-0.082930,-0.164513,-0.078609,-0.018000
2016-12-13,0.113818,0.004908,-0.080099,-0.120623,-0.090694,0.137161
2016-12-14,0.101518,0.011342,-0.059530,-0.140138,-0.095066,0.137361
2016-12-15,0.097764,0.048236,-0.045478,-0.123327,-0.092378,0.137161
2016-12-16,0.104808,0.047600,-0.017874,-0.124143,-0.102452,0.137861
2016-12-19,0.106456,0.038468,-0.032450,-0.080244,-0.087047,0.138561
2016-12-20,0.091434,0.044541,0.004850,-0.062639,-0.076012,0.138161
2016-12-21,0.089459,0.062407,-0.002047,-0.051100,-0.084430,0.137961
2016-12-22,0.087235,0.027119,-0.045955,-0.032898,-0.087446,0.138261
2016-12-23,0.096768,0.034899,-0.066787,-0.031033,-0.080965,0.114061
2016-12-28,0.102701,0.046131,-0.064069,0.009479,-0.076756,0.277850
2016-12-29,0.083487,0.023971,-0.050260,-0.024103,-0.058809,0.277650
2016-12-30,0.085410,0.038278,-0.014791,0.080077,-0.044327,0.277550
2017-01-03,0.078754,0.040495,-0.005683,0.176067,-0.056123,0.278450
2017-01-04,0.068255,0.058709,0.008828,0.195357,-0.049978,0.279150
2017-01-05,0.094429,0.055380,0.012268,0.218698,-0.063348,0.278950
2017-01-06,0.040079,0.054622,0.050162,0.185117,-0.038101,0.278450
2017-01-09,0.032596,0.051627,0.051020,0.167860,-0.026318,0.277950
2017-01-10,0.022813,0.039856,0.101478,0.166860,0.016559,0.275550
2017-01-11,0.025133,0.048750,0.140472,0.226550,0.023441,0.275350
2017-01-12,0.012690,0.053149,0.118661,0.255185,0.051336,0.297550
2017-01-13,0.000174,0.072843,0.106156,0.187968,0.055810,0.142889
2017-01-16,-0.002054,0.073362,0.092877,0.164901,0.049608,0.142789
2017-01-17,-0.002198,0.028402,0.059305,0.148784,0.047588,0.143489
2017-01-18,0.015030,0.034262,0.042053,0.198293,0.060519,0.143389
2017-01-19,0.000298,0.064115,0.046277,0.152471,0.059928,0.142889
2017-01-20,-0.011954,0.058053,0.042377,0.168488,0.057389,0.142389
2017-01-23,-0.019244,0.054272,0.008376,0.130168,0.059127,0.142889
2017-01-24,-0.014342,0.059769,0.000927,0.128153,0.059871,0.142189
2017-01-25,-0.043858,0.066753,0.019353,0.152113,0.058187,0.165789
2017-01-26,-0.046548,0.053609,0.011755,0.163965,0.056951,0.180372
2017-01-27,-0.064010,0.077350,0.030830,0.207262,0.053534,0.180172
2017-01-30,-0.091762,0.042900,-0.000208,0.136447,0.060315,0.180172
2017-01-31,-0.077249,0.047177,0.022256,0.051628,0.072359,0.154972
2017-02-01,-0.074662,0.051895,0.068059,0.041532,0.060964,0.324311
2017-02-02,-0.071902,0.060149,0.077613,0.031215,0.070186,0.324911
2017-02-03,-0.059423,0.064095,0.074928,0.066377,0.037918,0.324111
2017-02-06,-0.077636,0.061512,0.058053,0.046862,0.034375,0.324611
2017-02-07,-0.062599,0.056543,0.042312,0.030537,0.022330,0.324711
2017-02-08,-0.039414,0.056755,0.043565,0.026845,0.011388,0.324111
2017-02-09,-0.022033,0.055421,0.068287,0.009585,0.011337,0.323411
2017-02-10,-0.026798,0.052304,0.059201,0.020252,0.002648,0.323011
2017-02-13,-0.017221,0.063367,0.061854,0.021406,0.006174,0.323511
2017-02-14,-0.029414,0.082153,0.085918,0.055653,0.008600,-23.677089
2017-02-15,-0.046864,0.096377,0.089642,-0.007042,0.007497,-23.515883
2017-02-16,-0.026996,0.037748,0.098009,-0.006560,-0.004003,-23.514983
2017-02-17,-0.024451,0.029410,0.081995,0.008759,-0.014060,-23.513883
2017-02-20,-0.019803,0.010498,0.097064,0.033210,-0.013727,-23.514083
2017-02-21,-0.017306,0.004808,0.126501,0.012139,-0.009129,-23.514583
2017-02-22,-0.012547,0.005688,0.111505,0.007574,-0.018737,-23.513983
2017-02-23,-0.002516,-0.011453,0.112725,0.016962,-0.024362,-23.691856
2017-02-24,0.017655,-0.057831,0.070435,-0.003097,-0.029594,-23.691456
2017-02-27,0.053110,-0.057153,0.072321,-0.003463,-0.044099,-23.691456
2017-02-28,0.048050,-0.070928,0.077676,0.003626,-0.043433,-23.666956
2017-03-01,0.055290,-0.047957,0.060506,0.022110,-0.039103,-23.837494
2017-03-02,0.059868,-0.074028,0.041815,0.017128,-0.036025,-23.837294
2017-03-03,0.052186,-0.090336,0.026279,0.000358,-0.027023,-23.836394
2017-03-06,0.072805,-0.092489,0.049742,0.011516,-0.027276,-23.836794
2017-03-07,0.067441,-0.092489,0.065059,0.011029,-0.007426,-23.837094
2017-03-08,0.046634,-0.075706,0.050496,0.014996,0.011737,-23.837294
2017-03-09,0.036456,-0.103096,0.026330,-0.009771,0.011866,-23.837894
2017-03-10,0.031594,-0.078979,0.039830,0.015150,0.006735,-23.837094
2017-03-13,0.036545,-0.103221,0.030980,-0.002766,0.015834,-23.837394
2017-03-14,0.036634,-0.107253,0.020183,0.005108,0.005620,0.162806
2017-03-15,0.049271,-0.105284,0.012446,0.014769,0.004019,0.001400
2017-03-16,0.055637,-0.060141,0.011483,0.018260,0.011052,0.000900
2017-03-17,0.041218,-0.042992,0.023890,-0.010227,0.010016,-0.000200
2017-03-20,0.046406,-0.035699,0.041951,0.008178,0.016348,-0.000600
2017-03-21,0.051044,-0.035976,0.014091,0.029541,0.024618,-0.024100
2017-03-22,0.070675,-0.050408,0.011342,0.010253,0.024978,0.144050
2017-03-23,0.079849,-0.025274,0.032485,-0.001253,0.029107,0.143350
2017-03-24,0.069992,0.011837,0.056037,-0.002009,0.031657,0.143150
2017-03-27,0.059755,0.022191,0.060169,-0.002193,0.047417,0.142650
2017-03-28,0.069157,0.015828,0.052397,-0.034807,0.047253,0.143150
2017-03-29,0.061631,-0.011860,0.040822,-0.001255,0.053601,0.143550
2017-03-30,0.056486,0.017808,0.069881,-0.032337,0.064371,1.143250
2017-03-31,0.065597,0.037029,0.085569,-0.032718,0.058245,1.143550
2017-04-03,0.065597,0.051605,0.069817,-0.005285,0.063708,1.143450
2017-04-04,0.060909,0.047713,0.086536,0.015129,0.047077,1.144150
2017-04-05,0.049133,0.039539,0.072144,-0.020795,0.023892,1.144650
2017-04-06,0.048904,0.051597,0.100633,-0.063674,0.019433,1.145750
2017-04-07,0.051293,0.027675,0.074312,-0.086419,0.011282,1.145450
2017-04-10,0.039865,0.042755,0.083191,-0.077737,0.008382,1.145150
2017-04-11,0.049133,0.020141,0.088279,-0.102615,0.010246,1.145350
2017-04-12,0.051534,0.008907,0.089150,-0.074940,0.011024,1.144750
2017-04-19,0.044181,0.011892,0.103100,-0.068782,0.019070,1.143450
2017-04-20,0.039586,0.019669,0.098111,-0.074277,0.024556,1.144250
2017-04-21,0.032485,0.027526,0.072930,-0.086534,0.021402,1.144250
2017-04-24,0.085554,0.046973,0.087635,-0.116586,0.019260,1.168150
2017-04-25,0.073966,0.080243,0.101142,-0.102329,0.023734,0.999000
2017-04-26,0.057745,0.075922,0.076699,-0.106715,0.030809,0.998800
2017-04-27,0.057803,0.067326,0.066102,-0.090258,0.032576,0.999300
2017-04-28,0.044020,0.077061,0.079193,-0.086529,0.032593,0.999900
2017-05-03,0.039343,0.071073,0.066376,-0.050741,0.034056,0.999200
2017-05-04,0.059364,0.072018,0.074704,-0.081479,0.034641,0.999600
2017-05-05,0.065754,0.071006,0.100858,-0.035903,0.023836,-0.000700
2017-05-08,0.054456,0.047887,0.092167,-0.036121,0.038883,-0.000700
2017-05-09,0.050070,0.050276,0.095128,-0.050399,0.033574,-0.000900
2017-05-10,0.056726,0.044933,0.077600,-0.028417,0.036693,-0.001400
2017-05-11,0.059092,0.051067,0.085624,0.002062,0.042779,-0.001600
2017-05-16,0.078321,0.049804,0.058742,0.056983,0.046702,-0.002300
2017-05-17,0.067580,0.078545,0.040405,0.068874,0.059210,-0.002600
2017-05-18,0.081166,0.072228,0.057564,0.089487,0.052183,-0.002000
2017-05-19,0.082877,0.084339,0.047262,0.098421,0.055147,-0.002500
2017-05-22,0.093504,0.063839,0.052174,0.078233,0.062896,-0.002800
2017-05-23,0.092057,0.044685,0.032442,0.036318,0.030039,-0.002700
2017-05-24,0.095616,0.019873,0.022363,0.001580,0.018178,-0.002600
2017-05-30,0.113841,0.022457,0.018622,-0.014712,0.020117,-0.002000
2017-05-31,0.059960,0.009952,0.001285,-0.013857,0.032109,-0.001700
2017-06-01,0.068657,-0.006491,-0.010697,-0.003841,0.019865,-0.000900
2017-06-02,0.062667,-0.007559,-0.033954,-0.003594,0.007817,0.000100
2017-06-07,0.069112,0.000740,-0.024671,-0.010259,0.009784,-0.000300
2017-06-08,0.106994,-0.001119,-0.028252,-0.013256,0.002576,-0.000400
2017-06-09,0.096604,0.012629,-0.003243,-0.038180,0.013743,-0.000600
2017-06-12,0.061961,-0.013987,-0.020832,-0.077499,0.025975,-0.000600
2017-06-13,0.053048,-0.015716,-0.062191,-0.096363,0.029043,0.000000
2017-06-14,0.055234,0.007266,-0.067099,-0.113267,0.019743,-0.000300
2017-06-15,0.061680,-0.014875,-0.078696,-0.100589,0.028255,0.000200
2017-06-16,0.069564,0.000810,-0.089572,-0.098726,0.039343,0.001000
2017-06-19,0.073785,0.003486,-0.083762,-0.082511,0.022066,0.000800
2017-06-20,0.041853,0.001688,-0.086854,-0.045987,0.023107,0.001100
2017-06-21,0.070832,-0.024516,-0.039202,-0.046801,0.013843,0.001000
2017-06-22,0.058584,-0.032031,-0.075262,-0.057857,0.018573,-0.000500
2017-06-23,0.043896,-0.030290,-0.072803,-0.036280,0.030350,-0.000300
2017-06-26,0.043422,-0.009322,-0.093997,-0.025903,0.027589,0.000200
2017-06-27,0.000045,-0.014986,-0.090806,0.014391,0.061710,0.001200
2017-06-28,0.018837,-0.014220,-0.071283,0.050612,0.067586,0.001300
2017-06-29,-0.008403,-0.043566,-0.067398,0.014317,0.065833,-0.021500
2017-06-30,-0.025330,-0.034930,-0.024948,-0.001012,0.052963,0.131972
2017-07-03,-0.014708,-0.042998,0.003232,0.020847,0.060661,0.131572
2017-07-04,-0.008403,-0.053246,0.019770,-0.031084,0.057413,0.130872
2017-07-05,-0.023183,-0.047326,0.026167,-0.049316,0.064409,0.130772
2017-07-06,-0.049803,-0.050207,0.014730,-0.066022,0.077893,0.131372
2017-07-07,-0.037426,-0.040642,0.004870,-0.045682,0.057086,0.131872
2017-07-10,-0.008299,-0.002766,0.013019,-0.007391,0.027851,0.131672
2017-07-11,-0.012448,-0.011988,-0.004070,-0.010593,0.024099,0.131372
2017-07-12,0.004115,-0.003670,0.010574,-0.024762,0.026167,0.131372
2017-07-13,0.022381,0.019274,0.023781,-0.031296,0.020606,0.130472
2017-07-14,0.010111,0.013756,0.038704,-0.050976,0.021199,0.130272
2017-07-17,-0.002030,0.008166,0.038545,-0.068369,0.036171,0.130372
2017-07-18,0.014213,0.016427,0.050612,-0.152200,0.022520,0.130572
2017-07-19,-0.002010,0.016323,0.028964,-0.148435,0.032365,0.130372
2017-07-20,-0.002030,0.023793,0.040754,-0.151061,0.025123,0.131472
2017-07-21,0.002039,0.001854,0.039155,-0.178766,0.008561,0.131272
2017-07-24,-0.018349,0.003677,0.048831,-0.190641,0.010357,0.131272
2017-07-25,-0.000000,0.024926,0.064484,-0.141540,-0.025304,0.130972
2017-07-26,0.004124,0.034309,0.069335,-0.137372,-0.024021,0.131272
2017-07-27,0.031155,0.068081,0.057255,-0.074366,-0.043006,0.153872
2017-07-28,0.025265,0.042185,0.022214,-0.048102,-0.055605,0.000900
2017-07-31,0.012526,0.052949,-0.000814,-0.025720,-0.046598,0.001300
2017-08-01,0.031155,0.067702,-0.003268,0.014138,-0.045320,0.001700
2017-08-02,0.039713,0.040045,-0.025339,0.010564,-0.062678,-0.021400
2017-08-03,0.049803,0.029154,-0.044009,0.047040,-0.080992,0.140006
2017-08-04,0.053621,0.021474,-0.027916,-0.003652,-0.067670,0.140306
2017-08-07,0.036814,0.012954,-0.023723,-0.013014,-0.047846,0.140306
2017-08-08,0.044906,0.015655,-0.003268,-0.005767,-0.056017,0.140206
2017-08-09,0.020326,-0.004631,-0.006494,0.027334,-0.043625,0.140106
2017-08-10,-0.010111,-0.029556,-0.017164,0.043756,-0.036411,0.140306
2017-08-11,-0.016228,-0.027657,-0.019576,0.046808,-0.041741,0.140406
2017-08-14,0.022111,-0.022808,-0.017858,0.036974,-0.045312,0.140206
2017-08-17,0.006093,-0.002948,-0.095068,0.085798,-0.044095,0.139706
2017-08-18,0.012000,-0.036443,-0.061954,0.080077,-0.037104,0.139606
2017-08-21,0.022111,-0.073226,-0.079937,0.087798,-0.038213,0.139606
2017-08-22,0.018211,-0.046540,-0.090561,0.072732,-0.040310,0.139706
2017-08-23,0.016471,-0.057669,-0.090103,0.081002,-0.052891,0.139406
2017-08-24,0.048775,-0.062143,-0.104930,0.063360,-0.030567,0.139706
2017-08-25,0.040281,-0.062143,-0.121818,0.075245,-0.020092,0.139706
2017-08-28,0.030198,-0.070185,-0.103060,0.074761,-0.004476,0.139206
2017-08-29,0.036802,-0.114409,-0.117709,0.099395,-0.009287,0.139006
2017-08-30,0.046583,-0.122731,-0.108848,0.056582,-0.010503,0.138406
2017-08-31,0.032165,-0.125925,-0.090682,0.032429,0.007016,0.138006
2017-09-01,0.043987,-0.102192,-0.068669,0.090560,0.011897,0.161106
2017-09-04,0.025913,-0.090412,-0.038318,0.085843,0.024460,-0.000600
2017-09-05,0.019804,-0.088195,-0.061989,0.121625,0.027114,-0.001300
2017-09-06,0.025646,-0.102612,-0.086214,0.099071,0.017560,-0.001200
2017-09-07,0.027377,-0.106558,-0.099508,0.111383,0.030270,-0.001200
2017-09-08,0.033464,-0.097776,-0.110631,0.109930,0.013164,-0.000800
2017-09-11,0.056999,-0.075314,-0.077157,0.098643,0.004228,-0.000900
2017-09-12,0.053545,-0.087520,-0.084993,0.072092,-0.006920,-0.001500
2017-09-13,0.017596,-0.103224,-0.106700,0.073403,0.013730,-0.001400
2017-09-14,0.021633,-0.113351,-0.022056,0.049863,0.030822,-0.001600
2017-09-15,0.007859,-0.081181,-0.077847,0.052782,0.018294,-0.001600
2017-09-18,0.015656,-0.042003,-0.038840,0.067701,0.021635,-0.001600
2017-09-19,0.019647,-0.019272,-0.023071,0.096707,0.031616,-0.001700
2017-09-20,0.027725,0.009517,-0.010638,0.089953,0.032601,-0.001000
2017-09-21,0.009794,0.017017,-0.012445,0.050348,0.039879,-0.001700
2017-09-22,-0.000000,0.023582,-0.034145,0.035119,0.029591,-0.002200
2017-09-25,0.003929,0.031845,-0.019767,0.023407,0.030055,-0.002000
2017-09-26,0.013821,0.092425,-0.018116,-0.006947,0.033660,-0.002400
2017-09-27,0.003922,0.085259,-0.011644,-0.001540,0.033490,-0.002500
2017-09-28,-0.009872,0.070156,0.006132,0.037120,0.026618,-0.002300
2017-09-29,-0.007813,0.069156,-0.017544,0.020145,0.033907,-0.002200
2017-10-02,-0.000000,0.088663,-0.029853,-0.005309,0.024706,-0.001900
2017-10-03,-0.013766,0.083638,-0.045321,0.021676,0.019012,-0.023200
2017-10-04,-0.035577,0.106177,0.000000,0.057806,0.026600,0.120250
2017-10-05,-0.027345,0.088269,0.013210,0.037243,0.029871,0.120650
2017-10-06,-0.039375,0.097806,0.001783,0.044802,0.027195,0.119850
2017-10-09,-0.032917,0.098397,-0.014958,0.030155,0.038341,0.120450
2017-10-10,-0.017459,0.091419,0.009628,0.067424,0.040065,0.121650
2017-10-11,0.007722,0.087711,0.027327,0.079248,0.014961,0.122050
2017-10-12,0.005820,0.111930,0.027278,0.119436,-0.003172,0.122750
2017-10-13,0.011673,0.044811,0.052856,0.097520,0.000463,0.123150
2017-10-16,0.000000,0.016047,-0.004511,0.066294,0.002456,0.123150
2017-10-17,0.009681,0.024544,-0.014467,0.078850,0.000529,0.123550
2017-10-18,0.009718,0.003975,-0.028018,0.089366,0.009109,0.123250
2017-10-19,0.005831,-0.008739,-0.042015,0.109739,-0.003781,0.124150
2017-10-20,0.015565,0.000334,-0.016590,0.114457,-0.002957,0.123850
2017-10-23,0.023257,0.019522,-0.024806,0.135890,0.001030,0.123950
2017-10-24,0.019418,0.004301,-0.019382,0.146207,0.011371,0.123650
2017-10-25,0.001955,-0.000949,-0.026473,0.123609,0.002466,0.124150
2017-10-26,0.048412,0.013355,-0.032848,0.109716,-0.007935,0.124650
2017-10-27,0.036578,0.007544,-0.016057,0.070284,-0.007462,0.124950
2017-10-30,0.040274,0.007878,0.009756,0.056725,0.002288,0.124750
2017-10-31,0.053963,0.036678,0.024249,0.045384,-0.007975,0.146450
2017-11-01,0.081126,0.028875,0.013187,0.027518,-0.027108,0.002600
2017-11-02,0.061440,0.030786,-0.007905,0.052686,-0.025807,0.002300
2017-11-03,0.077258,0.024982,-0.082569,0.017265,-0.031440,0.003000
2017-11-06,0.059234,0.038303,-0.068803,0.019911,-0.024797,0.003100
2017-11-07,0.055200,0.047783,-0.120181,0.027939,-0.017849,-0.021400
2017-11-08,0.030305,0.047095,-0.086221,0.010927,0.000230,0.141494
2017-11-09,0.032353,-0.014598,-0.300261,-0.011161,0.007386,0.141194
2017-11-10,0.021053,0.031511,-0.317799,0.012031,0.007182,0.140994
2017-11-13,0.021134,0.042024,-0.304091,0.035228,0.001458,0.140494
2017-11-14,0.017192,0.004760,-0.325927,0.018388,0.001981,0.140394
2017-11-15,0.019158,0.006654,-0.269336,0.014751,-0.000132,0.140294
2017-11-16,0.026770,0.035912,-0.238892,0.001558,0.008635,0.140294
2017-11-17,0.007692,0.027453,-0.255972,-0.004653,0.010590,0.140294
2017-11-20,0.001914,0.010836,-0.295464,-0.029547,0.015286,0.140994
2017-11-21,0.030305,0.058656,-0.328193,-0.032823,0.007860,0.141294
2017-11-22,0.036437,0.060482,-0.337435,-0.004949,-0.006278,0.141494
2017-11-23,0.018727,0.052199,-0.395586,-0.000851,0.017486,0.140994
2017-11-24,0.013146,0.070309,-0.417043,0.053439,0.015492,0.141194
2017-11-27,0.001878,0.040226,-0.451153,0.085678,0.015351,0.140594
2017-11-28,0.014898,0.020963,-0.362140,0.089103,0.027801,0.139994
2017-11-29,0.016560,0.033289,-0.379006,0.085194,0.044564,0.140194
2017-11-30,0.016621,0.053954,-0.348395,0.062796,0.031312,0.140094
2017-12-01,-0.001860,0.036144,-0.296099,0.101352,0.039586,0.139694
2017-12-04,0.014733,0.007532,-0.352208,0.150501,0.032047,0.139394
2017-12-05,0.023789,-0.002197,-0.327631,0.128130,0.033294,0.162894
2017-12-06,0.031224,-0.015072,-0.350331,0.130587,0.026219,-0.000300
2017-12-07,0.038572,0.022000,-0.088419,0.138840,0.013120,-0.000300
2017-12-08,0.055263,0.047555,-0.040123,0.123745,0.004683,0.000000
2017-12-11,0.046434,0.068822,-0.019303,0.090571,0.002744,0.001200
2017-12-12,0.042639,0.068670,-0.006074,0.055354,-0.006288,0.001000
2017-12-13,0.029909,0.077555,-0.049943,0.053659,-0.009742,0.000800
2017-12-14,0.007519,0.047776,0.005434,0.056486,-0.006544,-0.000100
2017-12-15,0.026467,0.022005,0.005984,0.057888,-0.021058,0.000400
2017-12-18,0.043038,0.023881,0.087553,0.061348,-0.027207,-0.000400
2017-12-19,-0.007491,0.002132,0.103184,0.073960,-0.019030,-0.000100
2017-12-20,-0.005666,0.006456,0.121435,0.073692,0.003578,-0.000600
2017-12-21,-0.018727,0.007945,0.151927,0.074120,-0.018692,-0.001200
2017-12-22,-0.013146,0.007112,0.166781,0.055458,-0.026740,-0.024600
2017-12-27,-0.017030,0.016148,0.197314,0.041975,-0.029026,1.104272
2017-12-28,-0.041515,0.011367,0.102169,0.035389,-0.027668,1.104572
2017-12-29,-0.065999,-0.002827,0.089984,0.044266,-0.015809,1.104672
2018-01-02,-0.066249,0.002071,0.094810,0.044087,-0.013276,1.105072
2018-01-03,-0.055517,0.024203,0.120179,0.050014,-0.023942,1.105772
2018-01-04,-0.042957,0.040313,0.130488,-0.012841,-0.023526,1.105372
2018-01-05,-0.034962,0.052793,0.150796,-0.014240,-0.021349,1.105572
2018-01-08,-0.036837,0.079416,0.166681,-0.027099,-0.024015,1.105472
2018-01-09,-0.040447,0.064988,0.106538,-0.033426,-0.009611,1.105172
2018-01-10,-0.064777,-0.006605,0.055826,-0.007644,-0.001275,1.105472
2018-01-11,-0.054067,-0.025945,0.049004,0.041699,0.001254,1.104872
2018-01-12,-0.048337,-0.026403,0.081857,0.064374,0.013028,1.104972
2018-01-15,-0.024232,-0.051045,0.096823,0.038593,-0.005242,1.105272
2018-01-16,0.005602,-0.052700,0.038822,0.040678,-0.022399,1.105372
2018-01-17,0.005581,-0.035614,0.045261,0.039478,-0.004583,1.104872
2018-01-18,-0.018485,-0.052538,0.007985,0.049458,0.004826,1.105072
2018-01-19,0.013072,-0.053178,0.009062,0.022387,-0.007471,1.105272
2018-01-22,-0.001896,-0.060788,0.007321,0.023715,-0.017440,1.106072
2018-01-23,-0.009497,-0.067441,0.014178,0.021422,-0.015876,1.106772
2018-01-24,-0.021013,-0.097522,-0.021481,0.016070,-0.009879,1.129872
2018-01-25,-0.015385,-0.100613,-0.079285,0.043014,-0.014511,0.172928
2018-01-26,-0.001929,-0.051902,-0.077495,0.049719,-0.026638,0.172628
2018-01-29,-0.001951,-0.062995,-0.075796,0.045842,-0.039588,0.172528
2018-01-30,-0.007859,-0.087564,-0.061875,0.047943,-0.043976,-23.827772
2018-01-31,0.005888,-0.098270,-0.058407,0.049549,-0.035902,-23.657439
2018-02-01,-0.032981,-0.118790,-0.022538,0.079934,-0.027006,-23.657139
2018-02-02,-0.071806,-0.158987,-0.053703,0.069403,-0.017855,-23.656939
2018-02-05,-0.082077,-0.181215,-0.091786,0.095383,-0.020206,-23.656739
2018-02-06,-0.111005,-0.190649,-0.069092,0.102181,-0.032271,-23.656239
2018-02-07,-0.071317,-0.113656,-0.003074,0.088798,-0.046199,-23.656039
2018-02-08,-0.100689,-0.122735,-0.018733,0.069744,-0.041194,-23.656139
2018-02-09,-0.125671,-0.127491,0.003270,0.069567,-0.045520,-23.656339
2018-02-12,-0.122274,-0.105532,-0.014764,0.099358,-0.021177,-23.656339
2018-02-13,-0.143961,-0.100150,-0.044019,0.085388,0.001965,-23.681439
2018-02-14,-0.120105,-0.090210,-0.019347,0.080946,-0.001048,-23.504950
2018-02-15,-0.112434,-0.077137,-0.034913,0.075149,-0.019479,-23.504650
2018-02-16,-0.103507,-0.073140,-0.013742,0.073682,-0.008106,-23.504550
2018-02-19,-0.097590,-0.070476,-0.020729,0.073154,-0.002108,-23.505050
2018-02-20,-0.093975,-0.063667,0.014875,0.076944,0.000851,-23.505150
2018-02-21,-0.097243,-0.061255,0.044995,0.078840,-0.014728,-23.505350
2018-02-22,-0.089128,-0.056659,0.085861,0.073697,-0.020795,-23.676678
2018-02-23,-0.067890,-0.115184,0.105858,0.047934,-0.014145,-23.676378
2018-02-26,-0.058308,-0.108705,0.120045,0.024864,-0.021395,-23.676178
2018-02-27,-0.046426,-0.217233,0.082346,0.016812,-0.027196,0.324222
2018-02-28,-0.066759,-0.198220,0.081208,-0.001032,-0.020853,0.153689
2018-03-01,-0.063093,-0.197911,0.070447,-0.001893,-0.041485,0.153789
2018-03-02,-0.064404,-0.178456,0.058848,-0.008268,-0.071548,0.154189
2018-03-05,-0.043711,-0.162823,0.073626,-0.011603,-0.085465,0.154689
2018-03-06,-0.008421,-0.114215,0.066094,-0.034311,-0.109026,0.153789
2018-03-07,-0.018653,-0.154846,0.031697,-0.059783,-0.074414,0.153389
2018-03-08,0.025106,-0.131247,0.064539,-0.090688,-0.084974,0.153889
2018-03-09,0.044358,-0.126621,0.006044,-0.099570,-0.103575,0.154089
2018-03-12,0.029414,-0.155686,0.005100,-0.122559,-0.098931,0.153789
2018-03-13,0.046227,-0.166412,0.015045,-0.113721,-0.117779,0.179589
2018-03-14,0.014538,-0.160042,0.022762,-0.105055,-0.104429,0.002900
2018-03-15,0.018615,-0.166883,0.021646,-0.100129,-0.101188,0.003400
2018-03-16,0.014301,-0.177319,0.007011,-0.064150,-0.089615,0.002800
2018-03-19,0.014538,-0.188066,0.006957,-0.065116,-0.094973,0.002300
2018-03-20,0.022799,-0.190423,-0.008989,-0.076325,-0.092497,-0.026600
2018-03-21,0.035531,-0.169939,0.004053,-0.075749,-0.085275,-0.006300
2018-03-22,0.016807,-0.189683,-0.011138,-0.072335,-0.064592,-0.005900
2018-03-23,0.002064,-0.198638,-0.023083,-0.044348,-0.046077,-0.005900
2018-03-26,-0.008316,-0.185522,-0.016875,-0.006600,-0.036925,-0.006600
2018-03-27,-0.008299,-0.057578,-0.028686,-0.002807,-0.029812,-0.007200
2018-03-28,0.040989,-0.086682,-0.031603,-0.025401,-0.049211,-0.007100
2018-04-04,0.045182,-0.098879,-0.078992,-0.065822,-0.049391,-0.007300
2018-04-05,0.084397,-0.029257,-0.032271,-0.048449,-0.052238,-0.008500
2018-04-06,0.075850,-0.027174,-0.021432,-0.028623,-0.021215,-0.008600
2018-04-09,0.075410,-0.082608,-0.022397,-0.016312,0.014933,-0.007700
2018-04-10,0.064895,-0.070432,-0.040335,-0.009937,0.002617,-0.007900
2018-04-11,0.048476,-0.074017,-0.080693,-0.006088,0.030611,-0.008300
2018-04-12,0.058309,-0.050840,-0.077293,0.033537,0.048084,-0.008700
2018-04-13,0.060377,-0.046037,-0.073086,0.036775,0.050634,-0.008100
2018-04-16,0.046241,-0.058781,-0.059942,0.035837,0.056727,-0.008700
2018-04-17,0.065982,-0.062462,-0.099729,0.020970,0.044483,-0.008700
2018-04-18,0.067538,-0.060611,-0.090083,0.012803,0.049955,-0.009800
2018-04-19,0.055419,-0.037683,-0.063728,0.005892,0.041479,-0.009600
2018-04-20,0.067918,-0.019909,-0.083956,-0.002004,0.035263,-0.009000
2018-04-23,0.067538,-0.021109,-0.103353,0.020203,0.029489,0.019700
2018-04-24,0.065735,-0.072961,-0.126692,0.050251,0.040213,0.000100
2018-04-25,0.084067,-0.077563,-0.105014,0.042345,0.017072,-0.000500
2018-04-26,0.085176,-0.049695,-0.100468,0.029252,-0.002076,-0.000900
2018-05-03,0.093872,-0.058153,-0.105468,0.012430,-0.008166,-0.000600
2018-05-04,0.104859,-0.070901,-0.092272,0.015270,0.003961,-0.000100
2018-05-08,0.041728,-0.061043,-0.070572,0.030552,0.050547,-0.001200
2018-05-09,0.039821,-0.032178,-0.008584,0.027790,0.048932,-0.000300
2018-05-15,0.027692,-0.177372,-0.023394,0.034866,0.078648,0.000300
2018-05-16,-0.009973,-0.156321,-0.039130,0.011036,0.067199,0.000200
2018-05-17,-0.009854,-0.082897,-0.008664,0.037656,0.066985,-0.000600
2018-05-18,-0.026049,-0.076654,-0.002038,0.082250,0.051304,-0.000500
2018-05-23,-0.022104,-0.076435,0.003504,0.130042,0.036090,-0.000400
2018-05-24,-0.036044,-0.111643,-0.010460,0.091552,0.043034,-0.000200
2018-05-25,-0.058937,-0.090568,-0.016750,0.125792,0.039677,-0.000200
2018-05-29,-0.076681,-0.075539,-0.032863,0.115357,0.037458,0.000000
2018-05-30,-0.060218,-0.062949,-0.023222,0.119860,0.042932,0.000400
2018-05-31,-0.078522,-0.035638,-0.005581,0.146696,0.047065,0.000600
2018-06-01,-0.070234,-0.024715,-0.005613,0.146034,0.041474,0.001000
2018-06-04,-0.053768,0.010850,-0.001809,0.140794,0.049963,0.001200
2018-06-07,-0.061689,-0.016844,-0.015589,0.121681,0.048928,0.001600
2018-06-08,-0.077253,0.028668,-0.008463,0.107178,0.049812,0.001400
2018-06-11,-0.044739,0.054194,0.007015,0.067407,0.060343,0.001600
2018-06-12,-0.054113,0.055007,-0.002442,0.088133,0.076821,0.002500
2018-06-13,-0.048266,0.057939,-0.011184,0.065256,0.095317,0.002600
2018-06-14,-0.042685,0.065154,-0.007305,0.085419,0.093693,0.002000
2018-06-15,-0.016368,0.068954,-0.001289,0.084807,0.059467,0.002700
2018-06-18,-0.022708,0.027106,-0.016749,0.161307,0.064848,0.002300
2018-06-19,-0.028562,0.118493,-0.017935,0.170885,0.050682,0.002600
2018-06-20,0.007031,0.121308,-0.036987,0.161789,0.032485,0.003000
2018-06-21,-0.022097,0.040468,-0.075272,0.160853,0.044604,0.003700
2018-06-22,0.002554,0.048249,-0.064300,0.103548,0.054380,0.003800
2018-06-25,-0.012293,0.013106,-0.056528,0.078625,0.048460,0.003600
2018-06-26,0.000325,0.007482,-0.046982,0.099323,0.031380,0.003200
2018-06-27,0.033756,-0.009480,-0.051778,0.045675,0.014448,0.002500
2018-06-28,0.051079,-0.002439,-0.052020,0.033573,0.001212,-0.026700
2018-06-29,0.023201,-0.019841,-0.032077,0.056655,0.000138,0.165561
2018-07-02,0.029572,-0.065589,-0.072195,0.036227,-0.017787,0.166361
2018-07-03,0.039947,-0.110717,-0.068133,-0.004150,-0.013912,0.165761
2018-07-04,0.023183,-0.114960,-0.058346,-0.016348,0.002711,0.165861
2018-07-05,0.035681,-0.168472,-0.069010,0.009214,-0.004149,0.165961
2018-07-06,0.063312,-0.217763,-0.055745,-0.009936,-0.017599,0.165361
2018-07-09,0.018731,-0.217888,-0.052319,0.010649,-0.007308,0.165161
2018-07-10,0.016632,-0.236085,-0.037982,-0.007055,-0.018126,0.165161
2018-07-11,0.006257,-0.263473,-0.056787,0.021816,-0.035843,0.165161
2018-07-12,-0.002055,-0.209385,-0.058921,0.000268,-0.024981,0.165661
2018-07-13,0.000000,-0.181340,-0.074732,-0.029281,-0.023378,0.165261
2018-07-16,0.004132,-0.132190,-0.070104,-0.035814,-0.035636,0.164961
2018-07-17,0.010299,-0.148186,-0.050588,-0.052267,-0.030567,0.164561
2018-07-18,0.018500,-0.168921,-0.025193,-0.051704,-0.015339,0.163461
2018-07-19,0.039547,-0.126990,-0.017791,-0.094474,-0.044431,0.163761
2018-07-20,0.033129,-0.122715,0.019764,-0.061973,-0.040212,0.163261
2018-07-23,0.010627,-0.054163,0.024958,-0.077525,-0.042390,0.163261
2018-07-24,-0.006376,-0.032038,0.045243,-0.069808,-0.025183,0.163461
2018-07-25,-0.023331,-0.034578,0.044474,-0.006680,-0.008363,0.163861
2018-07-26,-0.012739,-0.018671,0.081229,0.023215,0.006073,0.192661
2018-07-27,-0.008439,-0.020282,0.019554,0.020219,-0.000069,0.000400
2018-07-30,-0.008475,-0.007618,0.056307,0.003395,0.015251,-0.000200
2018-07-31,-0.010428,0.004687,0.046555,0.017685,0.028175,0.000100
2018-08-01,-0.044736,-0.046423,0.037967,0.047615,0.020323,-0.000900
2018-08-02,-0.074901,-0.014894,0.043220,0.024423,0.038369,-0.029700
2018-08-03,-0.076470,0.017963,0.049346,-0.001732,0.057189,0.167922
2018-08-06,-0.068257,0.029987,0.025761,0.032971,0.037384,0.167722
2018-08-07,-0.055099,0.025624,0.009258,0.038522,0.026732,0.167822
2018-08-08,-0.048998,0.033271,0.048974,0.003723,0.024901,0.167922
2018-08-09,-0.063716,-0.019047,0.053353,-0.036224,0.014156,0.167522
2018-08-10,-0.085706,-0.069597,0.039053,0.028607,0.011858,0.167922
2018-08-13,-0.086075,-0.156537,0.031821,-0.052651,0.020774,0.167822
2018-08-14,-0.085522,-0.164530,-0.005051,-0.055574,0.021602,0.168122
2018-08-17,-0.091651,-0.184787,0.013583,-0.051541,0.019247,0.168522
2018-08-20,-0.094137,-0.190737,0.036068,-0.012845,0.027712,0.168322
2018-08-21,-0.084902,-0.168930,0.023496,-0.023068,0.022704,0.168222
2018-08-22,-0.052047,-0.178469,0.036675,0.008614,0.027613,0.168722
2018-08-23,-0.054880,-0.179692,0.037836,-0.000680,0.008248,0.169722
2018-08-24,-0.043917,-0.149064,0.045463,-0.032321,0.000548,0.169522
2018-08-27,-0.052745,-0.144917,0.050790,-0.023215,0.009006,0.169922
2018-08-28,-0.068113,-0.165907,0.111662,-0.034151,0.016811,0.170222
2018-08-29,-0.061576,-0.136079,0.085980,-0.022677,0.007147,0.169922
2018-08-30,-0.090185,-0.154487,0.071564,-0.022796,-0.003860,0.169922
2018-08-31,-0.063387,-0.116427,0.079581,-0.063128,-0.027375,0.170122
2018-09-03,-0.048291,-0.048875,0.079105,-0.055199,-0.038819,0.198822
2018-09-04,-0.043212,-0.064924,0.050783,-0.033911,-0.041309,0.001400
2018-09-05,-0.043212,-0.065810,0.040302,-0.061119,-0.033241,0.001300
2018-09-06,-0.035608,-0.055784,0.056214,-0.073179,-0.022547,0.000800
2018-09-07,-0.028871,-0.050326,0.051250,-0.063557,-0.021183,0.001100
2018-09-10,0.011223,-0.045444,0.049066,-0.021871,-0.027999,0.001100
2018-09-11,0.037715,-0.051455,0.050365,-0.042871,-0.034200,0.000800
2018-09-12,0.035642,0.008078,0.039942,-0.005789,-0.029850,0.000400
2018-09-13,0.022322,0.032787,0.034393,-0.001412,-0.026282,0.000300
2018-09-14,0.020112,0.050137,0.015231,-0.005403,-0.029409,0.000300
2018-09-17,0.033448,0.041018,-0.012903,-0.011604,-0.025007,0.000100
2018-09-18,0.019978,0.038716,-0.038475,-0.004734,-0.023222,0.000000
2018-09-19,0.015643,0.051628,-0.034870,-0.006694,-0.023483,-0.000200
2018-09-20,0.035798,0.054160,-0.029853,0.002716,-0.013404,-0.001200
2018-09-21,0.048682,0.045188,0.003661,0.009995,-0.015884,-0.001100
2018-09-24,0.040184,0.008616,-0.036483,-0.001343,-0.020319,-0.001000
2018-09-25,0.053584,0.023690,-0.058914,0.014196,-0.030208,-0.001100
2018-09-26,0.053465,0.009773,-0.053919,0.014299,-0.020483,-0.000600
2018-09-27,0.060761,0.028812,-0.045275,0.038230,-0.027413,-0.000700
2018-09-28,0.034606,0.016330,-0.029711,0.062478,-0.015655,-0.000800
2018-10-01,0.032485,0.002372,-0.042421,0.064496,-0.013961,-0.001200
2018-10-02,0.027588,0.009212,-0.044294,0.067096,-0.021769,-0.029600
2018-10-03,0.052225,0.008516,-0.040861,0.055916,-0.027844,28.970700
2018-10-04,0.018100,-0.034232,-0.052983,0.045419,-0.028477,28.970800
2018-10-05,0.004535,-0.037158,-0.082632,0.066208,-0.024138,28.970200
2018-10-08,-0.040274,-0.085849,-0.087468,0.084492,-0.009522,28.971000
2018-10-09,-0.040005,-0.043182,-0.062453,0.096845,0.001316,28.971300
2018-10-10,-0.040274,-0.045156,-0.071843,0.124963,-0.012278,28.972300
2018-10-11,-0.040546,-0.066005,-0.050518,0.092905,-0.025115,28.972100
2018-10-12,-0.052225,-0.063074,-0.034911,0.104548,-0.024500,28.972000
2018-10-15,-0.056385,-0.087971,-0.017468,0.095297,-0.015078,28.972200
2018-10-16,-0.022223,-0.046609,-0.000957,0.100814,-0.017645,28.972700
2018-10-17,-0.022422,-0.101361,0.005226,0.084965,-0.024935,28.973000
2018-10-18,-0.042655,-0.125299,-0.003557,0.069418,-0.014430,28.973600
2018-10-19,-0.044157,-0.162532,-0.055172,0.058591,-0.004186,28.973500
2018-10-22,-0.028859,-0.154796,-0.039064,0.083500,-0.015320,28.973500
2018-10-23,-0.042182,-0.195389,-0.053486,0.079729,-0.016622,28.973300
2018-10-24,-0.051179,-0.239416,-0.029298,0.073479,-0.012248,28.973200
2018-10-25,-0.031045,-0.243000,-0.037416,0.056639,-0.003598,28.972700
2018-10-26,-0.006826,-0.335216,-0.064907,0.072436,-0.006790,28.973000
2018-10-29,0.004556,-0.311563,0.002129,0.087675,-0.007090,28.972900
2018-10-30,-0.004545,-0.291732,-0.013410,0.099629,0.000246,29.001900
2018-10-31,-0.042944,-0.282045,0.007533,0.108290,0.015503,0.001500
2018-11-01,-0.018100,-0.220765,0.029226,0.128779,-0.006007,1.001500
2018-11-02,-0.002265,-0.160109,0.023687,0.119267,-0.008733,1.002100
2018-11-05,0.011351,-0.107140,0.007197,0.092618,-0.025630,1.001900
2018-11-06,0.002265,-0.108481,0.058036,0.085006,-0.023212,0.969600
2018-11-07,0.027029,-0.072203,0.156573,0.046395,-0.017954,1.192117
2018-11-08,0.027213,-0.093950,0.216773,0.046421,-0.027579,1.192317
2018-11-09,0.043336,-0.120821,0.185422,0.035822,-0.039997,1.191517
2018-11-12,0.034211,-0.164954,0.158128,0.033812,-0.045064,1.191417
2018-11-13,0.004484,-0.264532,0.140064,0.016022,-0.026471,1.191517
2018-11-14,0.017978,-0.254903,0.119545,0.006025,-0.019218,1.190917
2018-11-15,0.020432,-0.250543,0.110337,0.015942,-0.027653,1.190917
2018-11-16,0.015678,-0.484455,0.115877,0.018584,-0.022874,1.190817
2018-11-19,0.026668,-0.542002,0.093192,-0.005454,-0.016456,1.191117
2018-11-20,0.042182,-0.580604,0.116338,-0.044015,-0.018670,1.191017
2018-11-21,0.061967,-0.490224,0.123114,-0.056921,-0.024197,1.190517
2018-11-22,0.048361,-0.363856,0.124935,-0.053400,-0.026023,1.190217
2018-11-23,0.072639,-0.272425,0.143461,-0.066475,-0.025565,1.190617
2018-11-26,0.078643,-0.194879,0.130307,-0.090893,-0.019048,1.190117
2018-11-27,0.080918,-0.196071,0.176413,-0.123522,-0.024407,1.189717
2018-11-28,0.098873,-0.159638,0.175602,-0.132579,-0.034385,1.190517
2018-11-29,0.083199,-0.183998,0.144274,-0.188966,-0.010402,0.190817
2018-11-30,0.082656,-0.260446,0.182078,-0.179834,-0.008560,0.190317
2018-12-03,0.082298,-0.319958,0.223737,-0.147366,0.002202,0.190717
2018-12-04,0.082476,-0.292039,0.158269,-0.186935,0.003642,0.222817
2018-12-05,0.070769,-0.335123,0.081109,-0.178749,0.031237,0.000100
2018-12-06,0.060756,-0.292804,0.001839,-0.160460,0.050830,0.000000
2018-12-07,0.058522,-0.272125,0.030690,-0.156611,0.071088,0.001000
2018-12-10,0.060888,-0.245540,0.018425,-0.147560,0.065049,0.000400
2018-12-11,0.073309,-0.161737,0.026898,-0.207343,0.044185,-0.031600
2018-12-12,0.093486,-0.141088,0.058582,-0.208362,0.055415,0.186456
2018-12-13,0.120526,-0.134555,0.116364,-0.202041,0.034807,0.185956
2018-12-14,0.109353,0.123720,0.120931,-0.207927,0.025004,0.186056
2018-12-17,0.094113,0.225153,0.130959,-0.226568,0.029722,0.185456
2018-12-18,0.085380,0.281677,0.113407,-0.246225,0.037381,0.185256
2018-12-19,0.094139,0.226985,0.073130,-0.226738,0.038981,0.185556
2018-12-20,0.099981,0.064350,0.062916,-0.235018,0.021499,0.186256
2018-12-21,0.097046,0.012550,0.064086,-0.293903,0.030741,0.155256
2018-12-27,0.059141,-0.155360,0.013188,-0.261720,0.039787,0.367661
2018-12-28,0.057158,-0.116642,0.012473,-0.239194,0.046034,0.367861
2019-01-02,0.060871,-0.122653,0.018910,-0.255427,0.041961,0.367361
2019-01-03,0.067030,-0.153527,0.019184,-0.200764,0.024583,0.367061
2019-01-04,0.074406,-0.111410,0.006685,-0.208798,0.025602,0.366861
2019-01-07,0.068300,-0.020690,-0.023201,-0.188892,0.019155,0.365861
2019-01-08,0.076189,-0.037069,-0.005184,-0.143123,0.012799,0.365761
2019-01-09,0.066090,-0.013628,0.021345,-0.132513,-0.004686,0.364861
2019-01-10,0.100083,-0.006030,0.032335,-0.180793,-0.023711,0.335761
2019-01-11,0.090514,-0.027813,0.009958,-0.111805,-0.019590,0.534867
2019-01-14,0.094543,0.003807,0.028911,-0.146611,-0.036580,0.535167
2019-01-15,0.081800,-0.033979,0.027968,-0.091452,-0.017820,0.567067
2019-01-16,0.057158,-0.023068,0.001981,-0.079195,-0.001748,0.349411
2019-01-17,0.042892,-0.013958,-0.039797,-0.105682,0.031234,0.349811
2019-01-18,0.056162,0.000504,-0.012265,-0.108787,0.029317,0.349911
2019-01-21,0.035298,-0.027507,0.006119,-0.107719,0.022646,0.350011
2019-01-22,0.031437,-0.010145,0.009699,-0.106988,-0.002577,0.349911
2019-01-23,0.001951,-0.011693,0.020838,-0.103290,0.007431,0.349511
2019-01-24,0.005808,0.050633,0.049662,-0.145407,0.018668,0.349011
2019-01-25,0.000000,0.165939,0.033755,-0.105187,0.016959,0.379811
2019-01-28,0.021548,0.252143,0.045030,-0.147944,-0.031380,0.363144
2019-01-29,0.038915,0.268957,0.086198,-0.163961,-0.024442,0.362544
2019-01-30,0.029100,0.239502,0.075957,-0.069831,-0.004754,0.335744
2019-01-31,0.034753,0.263896,0.083907,-0.090808,0.005679,0.520467
2019-02-01,0.001936,0.244520,0.093786,-0.036528,0.016035,-0.479233
2019-02-04,0.005808,0.178680,0.076331,-0.052370,0.011870,-0.477933
2019-02-05,-0.001932,0.150367,0.063889,-0.073003,0.017202,-0.477333
2019-02-06,0.003868,0.168612,0.037987,-0.032106,0.012036,-0.476333
2019-02-07,-0.023122,0.160109,-0.000395,0.044640,0.041217,-0.447133
2019-02-08,-0.019418,0.140126,0.018068,-0.040849,0.030945,-0.646439
2019-02-11,-0.013527,0.187723,0.070400,-0.025024,0.046902,-0.646539
2019-02-12,-0.003839,0.192197,0.079497,-0.018247,0.036276,-0.646539
2019-02-13,0.000000,0.181535,0.091453,-0.002171,0.013732,-0.646839
2019-02-14,-0.005742,0.183577,0.095059,0.013796,0.004932,-0.646939
2019-02-15,-0.013270,0.172857,0.066032,0.057727,0.018125,-0.646739
2019-02-18,0.009588,0.182509,0.049462,0.076684,0.013339,-0.646139
2019-02-19,0.011539,0.178032,0.065744,0.097184,0.038476,-0.673739
2019-02-20,0.019306,0.190587,0.064052,0.093510,0.032823,-0.483061
2019-02-21,0.013423,0.157888,0.052958,0.145080,0.042459,-0.482361
2019-02-22,0.017192,0.104019,0.054088,0.168978,0.040334,-0.482961
2019-02-25,0.021094,0.063108,0.068079,0.148112,0.071677,-0.677700
2019-02-26,0.013270,0.000848,0.028668,0.187187,0.072621,-0.677400
2019-02-27,0.013296,-0.035191,0.010290,0.135264,0.058665,-0.650800
2019-02-28,0.009443,0.030959,0.014760,0.159904,0.064999,-0.835722
2019-03-01,0.026719,0.093662,-0.007751,0.105971,0.051884,0.163578
2019-03-04,0.022902,0.141754,0.015625,0.086515,0.053221,0.163178
2019-03-05,0.030479,0.111978,0.007846,0.080327,0.057139,0.163178
2019-03-06,0.041594,0.096827,0.004133,0.045373,0.058781,0.162678
2019-03-07,0.069642,0.068062,0.052380,0.008890,0.041509,0.162478
2019-03-08,0.071865,0.081032,0.019276,0.035324,0.036431,0.161978
2019-03-11,0.060396,0.053187,-0.009705,0.041638,0.045583,0.162078
2019-03-12,0.056089,0.032369,-0.003646,0.064858,0.042661,0.162278
2019-03-13,0.050431,0.024685,0.001444,0.056238,0.039448,0.162478
2019-03-14,0.052348,0.028000,0.000000,0.067042,0.036205,0.162678
2019-03-15,0.042957,0.012837,0.010772,0.056558,0.022562,0.161978
2019-03-18,0.048427,-0.006691,0.030376,0.065814,0.035644,0.161578
2019-03-19,0.053967,0.007661,0.024992,0.078298,0.035853,0.162878
2019-03-20,0.057583,0.012537,0.036902,0.090309,0.030940,0.156628
2019-03-21,0.060961,-0.005951,0.024046,0.091000,0.021301,0.156428
2019-03-22,0.064183,-0.057195,-0.009183,0.084474,0.025927,0.157228
2019-03-25,0.064301,-0.055884,-0.019569,0.069696,0.027881,0.156428
2019-03-26,0.070874,-0.005096,-0.014599,0.056274,0.017739,0.156728
2019-03-27,0.074512,0.005257,0.006923,0.057455,0.014556,0.156728
2019-03-28,0.067237,-0.044678,0.014907,0.040322,0.002731,0.157428
2019-03-29,0.070874,-0.086837,0.036738,0.029468,0.004459,0.158528
2019-04-01,0.065717,-0.067215,0.067786,0.034415,0.002801,0.158128
2019-04-02,0.060073,-0.024605,0.074560,0.040828,-0.004929,0.157428
2019-04-03,0.055820,0.001640,0.109626,0.036144,-0.002239,0.157628
2019-04-04,0.035718,0.035956,0.097185,0.060576,0.021944,0.157428
2019-04-05,0.037605,0.056103,0.121044,0.067569,0.024104,0.157428
2019-04-08,0.039502,0.077830,0.108319,0.059530,0.021445,0.157428
2019-04-09,0.028676,0.085959,0.080324,0.043006,0.021731,0.157428
2019-04-10,0.034023,0.089274,0.070314,0.040575,0.019842,0.156828
2019-04-11,0.026956,0.129594,0.062184,0.033495,0.023704,0.156528
2019-04-12,0.025272,0.149285,0.058943,0.006982,0.027615,0.157228
2019-04-15,0.014441,0.167119,0.054789,0.003607,0.029892,0.156828
2019-04-16,-0.007273,0.148564,0.062200,0.019100,0.029220,0.183528
2019-04-17,-0.003617,0.144652,0.059403,0.022639,0.025990,-0.000400
2019-04-24,-0.014441,0.115017,0.077398,0.020561,0.032143,-0.001100
2019-04-25,-0.016115,0.133819,0.120129,-0.009309,0.032962,-0.001500
2019-04-26,-0.005352,0.179516,0.124292,0.051004,0.032406,-1.001100
2019-04-29,-0.026668,0.155234,0.104953,0.045455,0.031070,-1.001400
2019-04-30,-0.012335,0.196212,0.086568,0.027090,0.034724,-1.001300
2019-05-03,-0.005248,0.205412,0.079736,0.016017,0.029180,-1.002000
2019-05-06,-0.014173,0.191695,0.054965,0.064136,0.026597,-1.002400
2019-05-07,0.000038,0.158486,0.032879,0.069531,0.024737,-1.002500
2019-05-08,-0.003540,0.155437,0.028121,0.081287,0.028298,-1.001300
2019-05-09,-0.023146,0.058601,-0.037833,0.070325,0.035773,-1.001400
2019-05-10,-0.015973,0.080860,-0.011574,0.074020,0.014555,-1.000700
2019-05-13,-0.021450,0.055945,-0.064342,0.063005,0.016540,-1.000300
2019-05-14,-0.007067,0.065307,-0.042571,0.089059,0.009147,-1.000200
2019-05-15,-0.005334,0.038011,-0.055275,0.083510,0.002537,-1.000200
2019-05-16,-0.005277,0.063037,-0.043916,0.083527,0.013904,-1.000000
2019-05-21,0.015752,0.028595,-0.003361,0.074518,-0.000159,-1.000300
2019-05-22,0.019351,0.029744,0.011521,0.079356,-0.012414,-1.000200
2019-05-23,0.010727,-0.016592,-0.035348,0.061815,-0.013988,-0.999300
2019-05-24,0.047992,-0.008137,-0.033375,0.052380,-0.025633,-0.999500
2019-05-28,0.040719,-0.079265,-0.001430,0.040008,-0.023312,-0.999100
2019-05-29,0.021561,-0.062044,-0.054166,0.074599,-0.026880,-0.998600
2019-06-04,0.031982,-0.028150,-0.057108,0.122649,-0.021555,-0.999000
2019-06-07,0.036673,-0.026350,-0.025400,0.052903,-0.015037,0.001100
2019-06-12,0.050669,-0.068351,-0.012660,0.053498,-0.025547,0.000900
2019-06-13,0.051418,-0.098355,-0.001045,0.069399,-0.016084,0.001400
2019-06-14,0.061107,-0.122795,0.002098,0.085105,-0.011896,0.001900
2019-06-17,0.069922,-0.126015,0.029725,0.057494,-0.013691,0.001800
2019-06-18,0.088729,-0.116710,0.017758,0.027133,-0.004134,0.001300
2019-06-19,0.081025,-0.093347,0.016941,0.020033,-0.020398,-0.000100
2019-06-20,0.095073,-0.016955,0.088258,0.020026,-0.036391,0.000400
2019-06-21,0.096094,-0.042194,0.074515,0.025880,-0.023648,-0.000400
2019-06-24,0.103327,-0.044947,0.116092,0.034021,-0.018976,-0.000100
2019-06-25,0.085876,-0.098210,0.099395,0.019632,-0.009849,-0.000700
2019-06-26,0.068125,-0.051448,0.103311,0.028730,-0.009707,-0.000700
2019-06-27,0.064541,-0.062812,0.063811,0.041966,-0.016299,-0.001100
2019-06-28,0.060399,-0.053992,0.012657,0.022741,-0.006018,-0.000600
2019-07-01,0.060504,-0.033688,0.040247,0.005156,0.002623,-0.000700
2019-07-02,0.095475,-0.022206,0.076732,-0.036336,-0.011436,-0.001600
2019-07-03,0.099973,-0.002826,0.069449,-0.039798,0.011034,-0.002300
2019-07-04,0.106194,0.033217,0.041881,-0.013444,0.011119,-0.026000
2019-07-05,0.121200,0.062837,0.064350,-0.040913,-0.000193,0.131144
2019-07-08,0.105093,0.040614,0.080699,-0.164703,-0.008019,0.130844
2019-07-09,0.091418,0.008566,0.046049,-0.102658,0.028058,0.130744
2019-07-10,0.087719,0.060851,0.047068,-0.144138,0.029535,0.131044
2019-07-11,0.083248,0.057151,0.045462,-0.131732,0.020477,0.130544
2019-07-12,0.060722,0.047750,0.023277,-0.130775,0.031320,0.129944
2019-07-15,0.065258,0.107069,0.017876,-0.139845,0.028880,0.129944
2019-07-16,0.033100,0.101457,0.019905,-0.113723,0.045562,0.130244
2019-07-17,0.053641,0.102615,0.024480,-0.123196,0.047456,0.130544
2019-07-18,0.058056,0.092837,-0.007117,-0.076038,0.053917,0.129844
2019-07-19,0.009585,0.098005,-0.000338,-0.082011,0.047118,0.130044
2019-07-22,0.006400,0.148617,-0.004424,-0.104670,0.041330,0.130444
2019-07-23,0.011227,0.122980,0.001679,-0.090716,0.033623,0.130644
2019-07-24,0.040296,0.028735,-0.000340,-0.089240,0.024764,0.130244
2019-07-25,0.027577,0.026898,0.030529,-0.112076,0.018906,0.131244
2019-07-26,0.011336,-0.011931,0.038067,-0.077213,0.019702,0.130644
2019-07-29,0.019387,-0.039192,-0.003046,-0.099908,0.021584,0.130344
2019-07-30,-0.014481,-0.032984,-0.069621,-0.086254,0.051905,0.131044
2019-07-31,-0.033310,-0.037515,-0.064899,-0.067701,0.053053,0.131344
2019-08-01,-0.033100,-0.019866,-0.048958,-0.098278,0.043615,0.154344
2019-08-02,-0.031749,-0.067194,-0.054334,-0.095126,0.043367,-0.022200
2019-08-05,-0.046297,-0.089002,-0.101614,0.020709,0.040582,0.120167
2019-08-06,-0.044665,-0.101796,-0.076497,0.003115,0.003121,0.120267
2019-08-07,-0.047780,-0.154894,-0.072549,0.074212,0.006786,0.120467
2019-08-08,-0.058515,-0.142278,-0.066111,0.066630,0.007958,0.120667
2019-08-09,-0.065676,-0.143883,-0.059059,0.054259,-0.000062,0.121567
2019-08-12,-0.068553,-0.223663,-0.092011,0.066475,0.009640,0.121567
2019-08-13,-0.059075,-0.223599,-0.104870,0.039008,-0.018559,0.121267
2019-08-14,-0.079915,-0.298118,-0.105133,0.012963,-0.004284,0.121967
2019-08-19,-0.076499,-0.302286,-0.100183,-0.075190,0.003352,0.121567
2019-08-20,-0.053517,-0.297706,-0.094170,-0.077974,-0.008257,0.121567
2019-08-21,-0.037593,-0.302923,-0.050974,-0.050357,-0.003578,0.121067
2019-08-22,-0.043943,-0.250248,-0.067213,-0.061644,0.001419,0.121567
2019-08-23,-0.063067,-0.172219,-0.048325,-0.046228,0.016707,0.122067
2019-08-26,-0.032818,-0.207048,-0.055237,-0.050836,0.015378,0.121267
2019-08-27,0.000105,-0.164872,-0.063312,-0.077897,0.012695,0.121967
2019-08-28,-0.006316,-0.176797,-0.082181,-0.044124,0.016311,0.122067
2019-08-30,0.000516,-0.156918,0.007117,-0.002714,-0.022270,0.121567
2019-09-02,0.009230,-0.179157,0.000853,0.008464,-0.033687,0.122067
2019-09-03,0.002799,-0.196895,-0.029632,-0.011382,-0.018939,0.121867
2019-09-04,0.018172,-0.089062,0.010046,-0.049631,-0.010262,0.140267
2019-09-05,0.020719,-0.032831,0.042576,-0.089747,-0.022044,-0.001800
2019-09-06,0.011562,-0.020468,0.036961,-0.092313,-0.024580,-0.003000
2019-09-09,0.000931,0.009653,0.060271,-0.187969,-0.019774,-0.003400
2019-09-10,-0.009901,0.044165,0.064936,-0.183683,-0.017579,-0.003600
2019-09-11,-0.001214,0.079596,0.114511,-0.149934,-0.021351,-0.004100
2019-09-12,0.021535,0.107162,0.142489,-0.157272,-0.023597,-0.003800
2019-09-13,0.015210,0.109968,0.152988,-0.095007,-0.014149,-0.004400
2019-09-16,0.009957,0.113588,0.141448,-0.095687,-0.024767,-0.004500
2019-09-17,0.005043,0.091664,0.134770,-0.015105,0.002453,-0.003500
2019-09-18,0.043834,0.073972,0.140809,-0.033484,-0.004247,-0.002800
2019-09-19,0.026574,0.104607,0.121442,-0.022194,0.001420,-0.003400
2019-09-20,0.026862,0.293896,0.098856,-0.040467,-0.006185,-0.003000
2019-09-23,0.050047,0.262892,0.073827,-0.084806,-0.011573,-0.003000
2019-09-24,0.047398,0.308089,0.095064,-0.079150,-0.002227,-1.002700
2019-09-25,0.014970,0.288391,0.101681,-0.066526,0.012109,-1.002800
2019-09-26,0.029720,0.310761,0.118125,-0.030481,0.005949,-1.003300
2019-09-27,0.029898,0.389398,0.089182,-0.024437,0.035222,-1.002800
2019-09-30,0.025131,0.417935,0.065868,-0.090095,0.039629,-1.002800
2019-10-01,0.020741,0.390508,0.073354,-0.082311,0.037167,-16.002400
2019-10-02,-0.010440,0.349585,0.033848,-0.007225,0.045534,-15.899117
2019-10-03,-0.004508,0.325415,0.038036,0.055415,0.054119,-15.898717
2019-10-04,0.019447,0.330238,0.039555,0.044207,0.048269,-14.897617
2019-10-07,0.044784,0.316757,0.004950,0.150848,0.027710,-14.897617
2019-10-08,0.042239,0.235759,-0.024740,0.138781,0.023667,-14.896617
2019-10-09,0.057331,0.206725,-0.052820,0.093931,0.033952,-14.895817
2019-10-10,0.023917,0.201970,-0.054951,0.061602,0.047372,-14.895717
2019-10-11,0.031369,0.180158,-0.026346,0.022287,0.036355,-14.894417
2019-10-14,0.045257,0.211982,-0.009939,0.167639,0.041855,-14.893617
2019-10-15,0.047913,0.259459,-0.010683,0.092585,0.019591,-14.894517
2019-10-16,0.023775,0.265405,-0.058917,0.085358,0.042518,-14.895317
2019-10-18,0.028297,0.189151,-0.078461,0.058487,0.038706,-14.894917
2019-10-21,0.043181,0.013315,-0.033360,0.086747,0.043936,-14.895417
2019-10-22,0.031059,0.033242,-0.019527,0.097726,0.046634,-14.896217
2019-10-23,0.002932,-0.017286,-0.027784,0.089495,0.053469,-13.896417
2019-10-24,0.023565,-0.021381,-0.027900,0.065725,0.030268,-13.897417
2019-10-25,0.013185,-0.024194,-0.013174,0.027104,0.046858,-13.896017
2019-10-28,0.016148,-0.122496,0.003234,0.023317,0.033233,-13.896617
2019-10-29,0.008806,-0.155179,0.006899,0.040829,0.035857,-13.896717
2019-10-30,0.017553,-0.118885,0.026411,0.036109,0.026018,1.103183
2019-10-31,0.045573,-0.137350,0.046175,-0.046551,-0.001281,1.000800
2019-11-01,0.048639,-0.133311,0.063526,-0.077746,0.002841,1.000300
2019-11-04,0.037964,-0.092122,0.054524,-0.035715,0.019070,-0.000300
2019-11-05,0.014612,-0.047092,0.031405,-0.073423,0.042616,-0.000300
2019-11-06,0.024911,-0.047869,0.034584,-0.106444,0.032006,-0.000700
2019-11-07,-0.004426,0.012417,0.129941,-0.054120,0.027622,-0.001800
2019-11-08,0.020554,0.007031,0.165047,-0.028039,0.009295,-0.001600
2019-11-11,0.014676,0.016558,0.140555,-0.010834,0.034582,-0.001200
2019-11-12,0.034963,0.008474,0.139608,-0.151353,0.032472,-0.001400
2019-11-13,0.018963,-0.043880,0.152433,-0.102671,0.031133,-0.018400
2019-11-14,0.016118,-0.010180,0.189724,-0.080795,0.020950,0.104817
2019-11-15,0.013206,0.041258,0.204527,-0.069104,0.014762,0.105017
2019-11-18,0.010197,-0.008759,0.167682,-0.101230,0.015202,0.105117
2019-11-19,-0.001463,0.036796,0.175590,-0.066499,0.019480,0.106017
2019-11-20,0.007380,0.052729,0.165040,-0.057938,0.010597,0.106017
2019-11-21,-0.010272,0.088861,0.161016,-0.011280,0.025602,0.106717
2019-11-22,-0.019076,0.059999,0.146387,-0.000322,0.004396,0.105817
2019-11-25,-0.002920,0.146414,0.147508,-0.034023,0.005142,0.106417
2019-11-26,0.004357,0.192789,0.180163,0.000983,-0.010881,0.107017
2019-11-27,0.000000,0.221451,0.160262,0.002660,0.000759,0.107017
2019-11-28,-0.010138,0.232349,0.173812,0.023547,0.029261,0.106717
2019-11-29,-0.010152,0.184244,0.142648,0.036558,0.028295,0.106317
2019-12-02,-0.053032,0.157814,0.159128,0.055748,0.016215,0.107317
2019-12-03,-0.033852,0.112455,0.171332,0.053377,0.001203,0.108117
2019-12-04,-0.024946,0.217960,0.190029,0.066053,0.017248,0.108417
2019-12-05,-0.004454,0.179621,0.091015,0.047433,-0.000862,0.108117
