date,ENEL_logret_hat,ENEL_logret_true,NKT_logret_hat,NKT_logret_true,VWS_logret_hat,VWS_logret_true
2022-12-12,0.001965660136193037,-0.003839,0.010485436767339706,0.009258,0.008234784007072449,-0.002709
2022-12-13,0.009432281367480755,0.009569,0.005962321534752846,0.006106,-0.0016101195942610502,0.013229
2022-12-14,0.007977645844221115,0.0,0.001568145235069096,-0.014858,0.013778087683022022,0.002431
2022-12-15,0.014218771830201149,-0.036862,0.0009733532788231969,-0.011923,0.008432400412857533,-0.0211
2022-12-16,0.016335586085915565,-0.001978,-0.002425046171993017,0.011417,0.003034627065062523,-0.040636
2022-12-19,0.004059848841279745,0.0,-0.007915123365819454,0.015862,-0.02116350829601288,0.016494
2022-12-20,0.0021344651468098164,0.0,0.0032538538798689842,-0.020001,0.006315906532108784,-0.030118
2022-12-21,0.0032446961849927902,0.015717,-0.0033598821610212326,0.008765,0.002779108239337802,0.014347
2022-12-22,0.0025295475497841835,-0.011765,-0.0009689237340353429,-0.014481,0.014130436815321445,0.012718
2022-12-23,0.0023035425692796707,0.0059,8.398492354899645e-05,0.006759,-0.0006218044436536729,0.01014
2022-12-28,0.005775291472673416,-0.005923,0.004845856688916683,-0.011022,0.006012558005750179,-0.007483
2022-12-29,0.0031775981187820435,0.009852,0.0031933574937283993,0.011538,0.018693985417485237,0.020078
2022-12-30,0.0026472911704331636,-0.013821,-0.000653170223813504,-0.025739,0.00515557499602437,-0.008131
2023-01-03,0.008590985089540482,0.024834,0.0005578304408118129,-0.01431,0.007989123463630676,-0.004721
2023-01-04,0.006099528167396784,0.035221,0.005297998897731304,-0.013494,0.016756966710090637,-0.046859
2023-01-05,0.006457243114709854,-0.001823,0.0024500947911292315,-0.026963,0.017964525148272514,0.015745
2023-01-06,0.005311525426805019,0.021661,-0.0020919579546898603,0.022263,0.0029622495640069246,0.027621
2023-01-09,0.00017659319564700127,0.0,-0.003932280465960503,0.034024,0.003206150606274605,0.013899
2023-01-10,0.0040991962887346745,-0.010772,0.003022162476554513,-0.001519,0.014752647839486599,-0.020671
2023-01-11,0.010290447622537613,0.016115,0.0017432630993425846,-0.008662,-0.004383320454508066,0.058639
2023-01-12,0.00664835749194026,0.01411,0.0006072382675483823,0.02127,0.007811672054231167,0.015073
2023-01-13,0.006700463127344847,0.003497,0.003887641942128539,0.007478,0.0037708664312958717,0.001868
2023-01-16,0.0040559424087405205,0.013865,0.0017685384955257177,-0.00198,0.01996544562280178,0.008827
2023-01-17,-0.0005444085691124201,-0.008643,-0.0007632841006852686,0.031399,0.012577418237924576,-0.010695
2023-01-18,0.0006773524801246822,0.0,-0.0018425497692078352,0.012964,-0.006915621925145388,-0.015548
2023-01-19,0.002142527373507619,-0.017514,0.0019273990765213966,-0.008633,0.019798051565885544,-0.04591
2023-01-20,0.00575638422742486,-0.001768,0.005624727811664343,0.0,0.012526847422122955,0.004464
2023-01-23,0.004889025818556547,-0.032377,0.0009277649223804474,0.01006,-0.004167779814451933,0.004444
2023-01-24,0.0039431024342775345,0.005469,-0.003607548773288727,-0.000467,-0.0005082932184450328,-0.00593
2023-01-25,0.0007236429955810308,-0.003643,0.0021304830443114042,-0.010065,0.018508993089199066,-0.025451
2023-01-26,0.0033240127377212048,0.0,0.0012541412143036723,0.01338,0.002466908423230052,0.004363
2023-01-27,0.0015139341121539474,0.001823,-0.0019782765302807093,0.016948,0.005458497907966375,-0.027092
2023-01-30,-0.003722656983882189,-0.010989,0.0019094657618552446,-0.001858,0.013952705077826977,0.0087
2023-01-31,0.0006043162429705262,-0.007394,0.0024182999040931463,-0.006106,-8.711725240573287e-05,0.02465
2023-02-01,0.005721431691199541,-0.022515,0.00437457300722599,0.013086,0.006655602250248194,-0.004841
2023-02-02,0.002924953820183873,0.020658,0.003827201435342431,0.016581,0.005273216404020786,0.034676
2023-02-03,0.0036506541073322296,-0.003724,0.004480757284909487,-0.001818,0.012214462272822857,-0.015252
2023-02-06,0.0068845972418785095,0.003724,0.0031967381946742535,-0.013828,-0.0035558603703975677,-0.002234
2023-02-07,-0.0006314566126093268,-0.003724,0.0028783814050257206,-0.008399,0.006196805275976658,-0.008333
2023-02-08,-0.0018670967547222972,-0.001867,0.0015857445541769266,-0.001862,0.005693000741302967,0.043724
2023-02-09,-0.00401965482160449,-0.001871,0.005221236031502485,0.026379,0.00913575291633606,0.034876
2023-02-10,-0.004126356448978186,0.013023,0.0033344547264277935,-0.033451,0.006862417329102755,-0.013054
2023-02-13,0.003694714279845357,-0.00185,0.0003294353955425322,0.019655,0.006252891384065151,-0.006355
2023-02-14,-0.0002678971504792571,-0.003711,0.0013996283523738384,-0.004194,0.0038378515746444464,-0.016907
2023-02-15,-0.0016103963134810328,0.001857,0.0021858736872673035,0.001417,0.0006926624337211251,-0.001923
2023-02-16,0.0006628662231378257,-0.003717,0.005135846324265003,0.004163,0.0016948275733739138,-0.006034
2023-02-17,0.00712209427729249,-0.003731,0.003865353297442198,-0.011623,-0.004177322145551443,-0.007533
2023-02-20,-0.0023670976515859365,0.0,0.004092217888683081,-0.024625,-0.010341073386371136,0.000488
2023-02-21,0.0011874129995703697,-0.005623,-0.0019318757113069296,0.00047,-0.008707794360816479,-0.009061
2023-02-22,0.0033983690664172173,-0.015152,0.0027059242129325867,-0.147934,0.009012816473841667,-0.028901
2023-02-23,0.001385977491736412,0.00381,-0.006275826599448919,-0.033908,-0.01055766548961401,0.017769
2023-02-24,0.0004784427583217621,-0.00572,-0.008041003718972206,-0.026191,-0.003990210592746735,-0.012919
2023-02-27,-9.98856921796687e-06,0.015181,-0.006130885798484087,-0.010691,-0.00476392637938261,-0.001412
2023-02-28,-0.0009993548737838864,0.001881,-0.008038521744310856,-0.025955,0.005482309032231569,0.012339
2023-03-01,-0.0006698606885038316,-0.022815,-0.016699664294719696,0.0,-0.006221989169716835,0.039106
2023-03-02,0.002206516219303012,0.013372,3.664387622848153e-05,0.047192,0.009960119612514973,-0.022053
2023-03-03,0.0012817729730159044,0.005676,0.0033548439387232065,0.046766,-0.002943699946627021,-0.00049
2023-03-06,0.004644398111850023,0.005644,-0.003130277618765831,0.012721,0.0028448929078876972,0.015327
2023-03-07,0.0013537348713725805,-0.005644,-0.0017247158102691174,0.001676,0.008386297151446342,-0.017536
2023-03-08,-2.9072678444208577e-05,0.003766,-0.005168925505131483,-0.008831,-0.0038558016531169415,0.008563
2023-03-09,-3.680693407659419e-05,0.0,0.005456551443785429,-0.003324,0.007879936136305332,0.028814
2023-03-10,0.001043287804350257,0.001878,-0.0035029053688049316,-0.002789,-0.007213237229734659,-0.029545
2023-03-13,-0.00169836962595582,-0.01894,0.006373541429638863,-0.042697,0.00558418408036232,-0.019695
2023-03-14,-0.001129658194258809,0.024553,-0.0019838614389300346,0.031464,0.0033586742356419563,0.040921
2023-03-15,0.0002419677039142698,-0.020736,0.0007594394264742732,-0.042005,0.018247807398438454,-0.065487
2023-03-16,0.0003735432692337781,0.009479,-0.0028412300162017345,-0.005908,-0.005658440757542849,0.007615
2023-03-17,-0.0018886944744735956,-0.001889,0.003530503949150443,-0.023922,0.0057094213552773,-0.038671
2023-03-20,0.0020163371227681637,0.018727,0.002016071230173111,-0.001221,-0.010484034195542336,0.024818
2023-03-21,0.00019293201330583543,0.01656,0.0011366379912942648,0.020398,0.004108145833015442,0.014257
2023-03-22,-0.004314789082854986,0.003643,-0.005393285769969225,-0.007144,-0.009556927718222141,-0.007307
2023-03-23,0.0005804563406854868,0.001817,-0.004371716640889645,-0.015071,0.004312440287321806,-0.006745
2023-03-24,-0.00011484578135423362,-0.022019,-0.013149965554475784,-0.025228,-0.014692213386297226,-0.034531
2023-03-27,-0.0003250521549489349,0.012903,-0.000733932654839009,0.040299,-0.00672101741656661,0.005927
2023-03-28,0.0007241515559144318,-0.001833,-0.006095553282648325,-0.005392,0.0013716773828491569,-0.011355
2023-03-29,0.00042373305768705904,0.010949,-0.00704590929672122,0.038943,-0.016468046233057976,0.005534
2023-03-30,0.004118392709642649,0.017986,-0.0011970188934355974,0.019474,0.0021171304397284985,0.051102
2023-03-31,0.009600467048585415,0.003559,0.006316204555332661,0.012958,-0.007601806428283453,0.003423
2023-04-03,0.0042915381491184235,-0.005343,-0.0037071360275149345,-0.011815,-0.00553471501916647,0.015705
2023-04-04,-0.001584155485033989,-0.001787,-0.0031679763924330473,-0.010832,-0.017160510644316673,-0.023778
2023-04-05,-0.0016279752599075437,0.012445,-0.005711123812943697,-0.037358,0.002028663642704487,0.000506
2023-04-12,-0.00020733114797621965,0.015139,-0.005375261418521404,0.003561,-2.872082404792309e-06,0.012619
2023-04-13,0.00462370878085494,-0.039154,9.242177475243807e-05,0.012398,0.0006325250724330544,-0.01169
2023-04-14,0.002596487058326602,-0.008718,-0.009138787165284157,0.012813,-0.013039878569543362,0.003809
2023-04-17,0.0028390581719577312,0.00175,-0.009788992814719677,-0.010486,0.005192961078137159,-0.010536
2023-04-18,0.0010873593855649233,0.006969,0.001442840090021491,0.0,-0.002039405284449458,0.0092
2023-04-19,0.005681336857378483,0.008643,0.0002570273063611239,-0.008796,0.005580657161772251,-0.006918
2023-04-20,0.00012674619210883975,0.00515,-0.0031558459158986807,-0.00296,0.00392519636079669,-0.030186
2023-04-21,0.0008501971606165171,0.015293,-0.004884178750216961,0.009429,-0.004826555494219065,0.003198
2023-04-24,0.0012070226948708296,0.016723,-0.0002572033554315567,0.00817,0.003273284062743187,0.004778
2023-04-25,-0.00017112580826506019,0.004963,-0.010542260482907295,-0.010535,-0.009997257962822914,-0.020549
2023-04-26,-0.003877825802192092,0.004938,-0.0016336608678102493,-0.015965,0.01709844172000885,-0.028851
2023-04-27,-0.003499796148389578,0.013051,-0.003924428019672632,0.047211,-0.004757072776556015,0.034243
2023-04-28,0.0017687395447865129,0.00485,0.010461276397109032,0.008492,0.021303201094269753,0.002685
2023-05-03,0.005305940750986338,0.0,0.00301144877448678,-0.044205,-0.000898484664503485,-0.005154
2023-05-04,0.0022545545361936092,-0.001641,0.0005292852292768657,0.006519,-0.0001831716508604586,0.019085
2023-05-09,0.00581471947953105,-0.001635,0.0001652275095693767,-0.041699,0.007708039600402117,0.005468
2023-05-10,0.0002593772660475224,-0.003279,0.0031484360806643963,0.014469,0.002012532204389572,0.036616
2023-05-11,0.002773539861664176,-0.008244,-0.0004421002813614905,0.002875,-0.0021062251180410385,-0.043325
2023-05-12,0.00254432181827724,0.003306,-0.0026487959548830986,0.038778,-0.007215346675366163,0.058582
2023-05-15,0.002996099879965186,-0.006623,-0.01216849684715271,0.007149,-0.011650762520730495,0.008753
2023-05-16,0.007280683610588312,0.0,0.0027727545239031315,0.001638,-0.0001486729015596211,0.016327
2023-05-17,0.007003519684076309,-0.006667,0.009124409407377243,0.018953,0.001845281571149826,-0.011015
2023-05-23,0.007318516261875629,-0.001657,-0.0009224413079209626,-0.002191,-0.0020393601153045893,-0.028973
2023-05-24,-0.0018132106633856893,-0.01,0.0012550988467410207,0.07952,0.005706619005650282,-0.014532
2023-05-25,0.005586204584687948,-0.01519,-0.0025918246246874332,0.030203,-0.0020256522111594677,0.017984
2023-05-26,0.005058394744992256,0.011834,-0.005503098946064711,0.000956,-0.0016463531646877527,-0.014881
2023-05-31,-0.0025966675020754337,-0.025275,0.00033115752739831805,-0.00336,-0.010850741527974606,-0.011579
2023-06-01,-0.0012251535663381219,0.016921,0.006860967259854078,0.01851,0.00604527723044157,0.018532
2023-06-02,0.002609520684927702,0.014988,0.006820059381425381,0.007045,0.0035538009833544493,0.011074
2023-06-07,-0.0008339878404513001,-0.006634,0.005027527920901775,-0.013123,0.009650778025388718,-0.002411
2023-06-08,-0.0035160966217517853,0.009934,0.006479149218648672,-0.001904,0.008682314306497574,-0.024928
2023-06-09,0.0038260333240032196,0.0,-9.48539818637073e-05,0.020137,-0.010570203885436058,-0.01692
2023-06-12,0.007877745665609837,0.006568,0.004323643632233143,0.016816,0.006763919722288847,-0.008391
2023-06-13,0.007826550863683224,-0.006568,0.00586643535643816,0.022572,-0.012531787157058716,-0.013492
2023-06-14,0.0025085769593715668,0.006568,0.006835017818957567,-0.006816,0.008231463842093945,0.005644
2023-06-15,0.0034279602114111185,-0.001638,0.008185693062841892,-0.000489,0.004121001809835434,-0.028226
2023-06-16,0.0019395127892494202,0.001638,0.012620598077774048,-0.010811,0.0010887617245316505,0.017941
2023-06-19,0.006819927599281073,-0.001638,0.005868410691618919,-0.008435,0.0015884828753769398,-0.022901
2023-06-20,0.0024566713254898787,0.0,-0.002794495550915599,0.019734,-0.013329829089343548,0.010208
2023-06-21,-0.00014656037092208862,-0.009885,0.005911800544708967,0.006816,-0.00915841106325388,-0.015936
2023-06-22,0.0005966349854134023,0.0,0.011854232288897038,-0.015156,-0.0016529385466128588,0.025419
2023-06-23,-0.0007585138664580882,0.003306,0.006142419297248125,-0.029495,0.0065111080184578896,-0.068571
2023-06-26,-7.575791096314788e-05,0.003295,0.001603573327884078,-0.003049,-0.011185725219547749,-0.001779
2023-06-27,-0.0007899630581960082,0.00982,0.009199317544698715,0.011134,0.0055562350898981094,-0.015588
2023-06-28,0.00415415083989501,0.001627,0.007600460667163134,0.025834,0.005903033073991537,0.017033
2023-06-29,0.005364722106605768,-0.001627,-0.0019449966493993998,0.002938,-0.0030598691664636135,-0.002225
2023-06-30,-0.0033844232093542814,0.004874,-0.00019757368136197329,0.011668,-0.008259049616754055,0.010303
2023-07-03,0.0016380208544433117,0.011281,0.009436773136258125,-0.010202,0.0028477045707404613,-0.000882
2023-07-04,0.005004826933145523,0.015899,0.009207638911902905,0.001951,0.005335288587957621,0.010098
2023-07-05,0.0051144687458872795,-0.020718,0.0035748702939599752,-0.012752,-0.0067267934791743755,-0.027008
2023-07-06,0.0016356526175513864,-0.027757,0.002159798052161932,-0.023977,-0.003326166421175003,-0.012873
2023-07-07,-0.0006441590958274901,0.009885,0.006080256775021553,0.015053,-0.00356170441955328,0.005214
2023-07-10,0.002495274879038334,-0.003284,0.006913979072123766,-0.003492,0.008778339251875877,-0.004078
2023-07-11,0.00040212812018580735,0.006557,0.008356476202607155,0.002496,0.004725771956145763,0.02045
2023-07-12,0.001752721145749092,0.017814,0.00251550180837512,0.002489,0.0016104450915008783,0.027642
2023-07-13,0.0027942671440541744,0.015924,0.003298630239441991,-0.01251,-0.0003368023899383843,0.011724
2023-07-14,0.002379856538027525,-0.01432,0.0028897400479763746,-0.023435,0.007453950587660074,-0.029076
2023-07-17,-0.002051302697509527,-0.001604,-0.002053998876363039,-0.012448,-0.013467539101839066,0.004942
2023-07-18,-0.00532206567004323,0.007994,-0.0005266771768219769,-0.004708,-0.004616617225110531,0.017375
2023-07-19,-0.003844053251668811,0.0,0.01078206766396761,0.006794,0.011141027323901653,0.010921
2023-07-20,2.8404116164892912e-05,0.001591,0.002400952158495784,-0.002086,0.006117870565503836,-0.007589
2023-07-21,0.0028788570780307055,0.007918,0.006532187107950449,0.018102,0.004896255210042,0.00503
2023-07-24,0.0032477756030857563,-0.022329,0.0019868521485477686,0.00256,-0.006995268631726503,0.010302
2023-07-25,0.006040757987648249,0.0,0.00843206699937582,-0.00564,-0.003032865934073925,0.013121
2023-07-26,0.002104858634993434,0.003221,0.007592510432004929,-0.012937,-0.006075699348002672,-0.001252
2023-07-27,-0.0014873718610033393,0.014366,0.005046555306762457,0.018576,-0.005518654361367226,-0.035282
2023-07-28,0.00029884910327382386,-0.004766,0.0003599802148528397,-0.017535,-0.004865878261625767,-0.02964
2023-07-31,-0.0017283171182498336,-0.001594,0.0053721205331385136,0.008806,-0.003813075367361307,0.011851
2023-08-01,0.004679818172007799,-0.009615,0.002806230681017041,0.003604,-0.01185736246407032,-0.00541
2023-08-02,0.002037888392806053,-0.021156,0.003451497992500663,0.0,-0.006590109318494797,-0.010349
2023-08-03,-0.0010770723456516862,-0.01158,-0.003848288208246231,-0.015536,-0.009493104182183743,0.001453
2023-08-04,-0.0002978345437441021,-0.011716,0.007196834776550531,0.004167,0.006493137218058109,0.004458
2023-08-07,0.0005804449901916087,-0.001685,0.0034449570812284946,0.014448,0.0008519704570062459,-0.01242
2023-08-08,-0.0003035932022612542,-0.001688,0.002137798350304365,-0.004621,0.006017752457410097,0.008855
2023-08-09,0.0008704705396667123,0.015088,-0.0020530379842966795,0.014815,0.003968110773712397,-0.020405
2023-08-10,-0.0003727164294105023,0.014864,-0.0005829450092278421,-0.021528,-0.011965728364884853,-0.041392
2023-08-11,0.0010069353738799691,-0.014864,-0.0015717807691544294,-0.005716,-0.0045078592374920845,-0.007387
2023-08-14,-0.0027804765850305557,0.006634,0.0005184364272281528,0.024705,0.0012812184868380427,-0.004435
2023-08-17,-0.002179305534809828,-0.011834,0.001553057343699038,-0.019387,-0.0016368452925235033,-0.037521
2023-08-18,-0.002551908604800701,0.00678,0.004270188044756651,0.00163,-0.006974122021347284,-0.013466
2023-08-21,0.003409677417948842,0.0,0.0014358100015670061,-0.009272,0.0007768590585328639,-0.014298
2023-08-22,0.0023328489623963833,0.011755,0.001221176004037261,0.016305,-0.002727491781115532,0.027511
2023-08-23,0.0001885393139673397,0.011618,-0.0015021427534520626,0.011257,-0.011909264139831066,0.019993
2023-08-24,0.0018362911650910974,0.001649,0.0055946772918105125,-0.008565,0.002317889127880335,0.022992
2023-08-25,0.003951014950871468,0.006568,-0.004999236203730106,-0.005391,-0.004203690215945244,-0.006429
2023-08-29,-0.005289558321237564,0.012966,0.000661512603983283,0.015148,-0.005703815259039402,0.0185
2023-08-30,-0.0009515230194665492,-0.003226,0.0012316922657191753,-0.016201,-0.00436916621401906,-0.053936
2023-08-31,0.002002396620810032,0.003226,0.00253317691385746,-0.01754,-0.001361314207315445,-0.007894
2023-09-01,0.001935711596161127,-0.008084,0.0018104056362062693,-0.00161,0.005262077786028385,0.041642
2023-09-04,0.005733085796236992,-0.001625,0.002108613960444927,-0.008088,-0.009579447098076344,-0.019004
2023-09-05,0.004670315887778997,-0.003257,0.0002603547181934118,-0.025776,-0.010742679238319397,-0.034152
2023-09-06,0.0022685097064822912,-0.004906,-0.004641761537641287,0.0,-0.003956742584705353,-0.016423
2023-09-07,-0.0013705581659451127,0.017872,-0.003989886958152056,-0.029887,0.008900762535631657,-0.029273
2023-09-08,-0.003736367914825678,-0.003226,-0.003915507812052965,0.017589,-0.008647974580526352,-0.026182
2023-09-11,-0.005645705386996269,0.003226,-0.004668643232434988,-0.00338,-0.011362719349563122,-0.005347
2023-09-12,-0.0038027989212423563,-0.001612,-0.0029218231793493032,0.002255,0.004861296620219946,-0.015657
2023-09-13,0.004912146367132664,-0.011355,-0.007514276076108217,-0.018182,-0.02326223999261856,0.051705
2023-09-14,-0.001237598480656743,0.030524,0.0023613052908331156,0.038802,-0.0009001105208881199,0.046635
2023-09-15,0.0024576904252171516,-0.004758,0.0008491935441270471,0.013695,-0.003329759929329157,-0.008261
2023-09-18,0.0015671716537326574,-0.007981,-0.0031005642376840115,0.011361,0.004530893173068762,-0.003964
2023-09-19,0.0005904756253585219,-0.001604,-0.003752361051738262,-0.001615,0.0011044247075915337,0.002304
2023-09-20,-0.002240576548501849,0.007994,0.0013955500908195972,0.006445,-0.0035666031762957573,0.011565
2023-09-21,0.0008873866754584014,-0.030722,0.002940037287771702,-0.043771,0.0039643095806241035,-0.018492
2023-09-22,0.002065422013401985,-0.00659,-0.0019674908835440874,-0.013514,-0.007341237273067236,-0.007364
2023-09-25,0.0003338877286296338,-0.011638,-0.0006523046758957207,-0.00854,-0.007305404637008905,-0.011739
2023-09-26,-0.0025191933382302523,-0.005029,-0.00023716350551694632,-0.016139,-0.011068366467952728,-0.052523
2023-09-27,-0.0031045079231262207,-0.01695,-0.0034690205939114094,0.002901,-0.004099604208022356,0.010864
2023-09-28,-0.006598279811441898,-0.010309,-0.0013134775217622519,0.006353,-0.002995670773088932,0.015473
2023-09-29,-0.003541697282344103,0.005168,0.0010071181459352374,0.06032,-0.00034686789149418473,0.020397
2023-10-02,0.0008451144094578922,-0.027876,0.007823960855603218,-0.011447,0.005653993226587772,-0.030005
2023-10-03,0.0034061491023749113,-0.025046,0.00033854221692308784,-0.035718,0.0011446099961176515,-0.056071
2023-10-04,0.0009836582466959953,0.00722,-0.00017250567907467484,-0.016615,0.004953095689415932,-0.0107
2023-10-05,-0.005547225009649992,-0.0018,0.002987689571455121,0.035748,0.0025474601425230503,-0.014496
2023-10-06,-0.0042482418939471245,0.008969,0.003574608825147152,-0.004469,0.0017127534374594688,0.005149
2023-10-09,-0.001804183586500585,0.0,-0.004572712350636721,-0.01751,-0.006731580011546612,0.022633
2023-10-10,-0.006433731876313686,0.019452,0.0009904515463858843,0.016389,0.010560915805399418,0.054165
2023-10-11,-0.000271028489805758,0.012185,0.006126807536929846,0.019978,-0.022002704441547394,0.005961
2023-10-12,0.004919340834021568,-0.005204,0.0033517072442919016,0.013101,-0.003780269529670477,0.005657
2023-10-13,0.003639636794105172,-0.005231,-0.0006967816152609885,-0.040393,0.0017946981824934483,-0.004038
2023-10-16,-0.0006527781952172518,0.00349,-0.0006179925403557718,-0.010216,0.00011789542622864246,-0.014672
2023-10-17,0.0007120589725673199,0.0,0.002602590713649988,0.00057,-0.004007308278232813,0.0
2023-10-18,0.004328303039073944,-0.006993,0.0022954486776143312,-0.016672,-0.004510814324021339,-0.029442
2023-10-19,0.002123007783666253,-0.003515,-0.004683382343500853,-0.002903,-0.015510950237512589,-0.003813
2023-10-20,0.0041194697842001915,-0.005296,-0.005147207994014025,-0.013462,-0.009447511285543442,0.022385
2023-10-23,0.0018472142983227968,0.007055,0.000885225716046989,-0.019638,-0.013376896269619465,-0.018431
2023-10-24,0.0005852546892128885,0.013962,-0.0014914001803845167,0.025513,-0.018510714173316956,0.063869
2023-10-25,0.004302774555981159,-0.003472,-0.008146294392645359,-0.033356,0.0025817733258008957,-0.023814
2023-10-26,-0.002470802515745163,0.005204,-0.003523436840623617,0.023347,-0.007276917342096567,0.079105
2023-10-27,-0.0039445944130420685,-0.003466,0.002227574586868286,-0.005935,0.0009560890030115843,-0.04294
2023-10-30,0.0015499631408602,0.022319,-0.0022490094415843487,0.004751,0.004020117688924074,-0.023785
2023-10-31,-0.0005257726297713816,0.016835,-0.003048831596970558,0.047435,0.012648380361497402,0.017892
2023-11-01,-0.0016584633849561214,0.006656,-0.010823962278664112,-0.017669,-0.0026456841733306646,0.002755
2023-11-02,-0.0005347077967599034,0.01318,-0.002013395307585597,0.024426,-0.0028650101739913225,0.035769
2023-11-03,0.0042643495835363865,0.00815,0.003901883726939559,0.000561,0.016088804230093956,0.019153
2023-11-06,-5.1763297960860655e-05,-0.001625,0.00914998073130846,0.000561,-0.006287890952080488,0.009256
2023-11-07,0.002273109508678317,-0.00489,-0.0027185752987861633,-0.01582,-0.0021233875304460526,-0.032716
2023-11-08,0.003073394065722823,-0.004914,-0.01034690160304308,0.026413,-0.010361263528466225,0.093485
2023-11-09,0.0018603162607178092,0.011429,0.006277655251324177,0.033809,0.018802089616656303,-0.021265
2023-11-10,-9.869951463770121e-05,-0.004882,0.0059029776602983475,0.010136,0.002229661215096712,-0.013674
2023-11-13,-0.0004439482872840017,0.008124,0.0016082433285191655,-0.016591,0.002871630946174264,0.005611
2023-11-14,0.001339139067567885,0.016052,-0.004231323022395372,0.030821,0.00415010005235672,0.034516
2023-11-15,-0.001188705675303936,-0.004789,0.008955297991633415,0.016607,0.014792194589972496,0.002756
2023-11-16,0.000917440396733582,0.007968,0.006913703866302967,0.009221,-0.00012401124695315957,-0.003907
2023-11-17,0.002867687027901411,0.01731,-0.002873146440833807,0.003055,-0.003083484712988138,0.022429
2023-11-20,-0.0008598848362453282,0.012403,-0.0008639775332994759,0.017138,-0.0037688901647925377,0.01342
2023-11-21,0.0018650037236511707,-0.010844,0.006346392910927534,-0.008532,0.013143647462129593,-0.013758
2023-11-22,-0.006178440526127815,-0.004684,0.008319525979459286,-0.001513,-0.002740806434303522,-0.003724
2023-11-23,-0.0023291739635169506,-0.001566,-0.001765162916854024,-0.032319,0.002127183834090829,-0.020558
2023-11-24,0.0005172388046048582,0.004691,0.003332896623760462,0.018084,0.005761192180216312,-0.00509
2023-11-27,0.002997954376041889,0.003115,0.00944236759096384,0.005107,0.0016492634313181043,0.026778
2023-11-28,0.004865327384322882,0.001554,0.005771258380264044,0.008118,0.0026476853527128696,-0.010443
2023-11-29,0.004008087329566479,-0.001554,-0.0032950672321021557,0.047369,-0.00984325259923935,0.040585
2023-11-30,0.0013383119367063046,0.009288,0.010501641780138016,0.022869,0.023203399032354355,0.037736
2023-12-01,0.005063612479716539,0.003077,0.009207210503518581,0.015888,-0.0018200499471276999,-0.005289
2023-12-04,0.005272687878459692,0.004598,0.0015308184083551168,0.00693,-0.015253480523824692,-0.009378
2023-12-05,0.0019475914305076003,0.001528,0.00427543418481946,0.011444,0.020556895062327385,0.016143
2023-12-06,0.0002547668118495494,0.0,0.01161021925508976,0.018937,0.0068678660318255424,0.009333
2023-12-07,0.002303153043612838,-0.001528,0.007544884458184242,-0.010326,0.00801143143326044,-0.021735
2023-12-08,0.0037321089766919613,0.004577,0.0018832262139767408,0.01789,0.005605481099337339,0.007545
2023-12-11,0.0038309209048748016,-0.007639,0.005365118384361267,-0.007564,0.008397725410759449,-0.011499
2023-12-12,0.0042478726245462894,0.004591,0.005960432346910238,-0.008072,-0.003756656777113676,-0.021651
2023-12-13,0.003181832144036889,0.009119,0.004921014420688152,0.00045,-0.003927463199943304,0.006001
2023-12-14,0.0013703495496883988,0.016505,0.002522469265386462,0.027958,0.013216778635978699,0.053993
2023-12-15,0.00204468029551208,-0.007468,0.007125829812139273,-0.000876,0.00718315877020359,-0.001754
2023-12-18,0.0028180531226098537,-0.0015,0.009596623480319977,-0.015449,-0.0032878457568585873,-0.00476
2023-12-19,0.005174926482141018,0.005988,0.006918797269463539,0.011939,0.00620843842625618,0.001762
2023-12-20,0.003650819417089224,-0.004488,0.011029297485947609,0.011798,0.019164258614182472,0.022627
2023-12-21,0.00504467636346817,0.0,0.005477603059262037,-0.000869,0.006749691441655159,0.010473
2023-12-22,0.005625573918223381,0.007468,0.004638688638806343,0.008227,0.003941358532756567,0.006789
2023-12-27,0.0046835956163704395,0.0,0.006914911791682243,-0.000863,0.014561238698661327,0.043803
2023-12-28,0.004398516844958067,-0.001489,0.012332686223089695,0.002586,0.014528464525938034,0.02353
2023-12-29,0.002690351102501154,0.002976,0.009491527453064919,-0.001723,0.005965283140540123,-0.003261
2024-01-02,0.0032777716405689716,-0.002976,0.006684675347059965,-0.006055,0.011376703158020973,-0.021937
2024-01-03,0.004897385835647583,-0.011994,0.0034874770790338516,-0.028605,0.010960468091070652,-0.035441
2024-01-04,0.0022566067054867744,0.013483,0.008615901693701744,0.012423,0.0022287804167717695,0.005913
2024-01-05,0.003909998573362827,-0.004474,0.009066389873623848,-0.026358,0.010559367947280407,0.004656
2024-01-08,0.0030651758424937725,0.002985,0.003796681296080351,0.021053,0.009604651480913162,-0.00392
2024-01-09,0.002047201618552208,-0.001491,0.008318550884723663,0.014958,0.008915629237890244,0.013894
2024-01-10,0.003983692266047001,0.005952,0.010926115326583385,0.009994,0.013238180428743362,-0.018322
2024-01-11,0.003344389609992504,-0.01044,0.005155681632459164,0.006894,-0.002108721761032939,-0.009662
2024-01-12,0.002949229907244444,0.017831,0.0049621108919382095,0.03003,0.007619410287588835,-0.004441
2024-01-15,0.0029923273250460625,0.002941,0.00932938139885664,-0.010471,0.010710038244724274,-0.00874
2024-01-16,0.0024882007855921984,-0.00885,0.005942845717072487,-0.004642,-0.010701332241296768,-0.015558
2024-01-17,1.0748499335022643e-05,-0.016431,0.003596455091610551,-0.017065,-0.002837879816070199,-0.035783
2024-01-18,0.0008894205675460398,-0.003017,0.007546840235590935,0.02549,0.0135402986779809,0.009619
2024-01-19,0.0007327207131311297,0.006024,0.006613910663872957,-0.012239,0.007731063291430473,-0.008027
2024-01-22,0.0002615900884848088,-0.042951,0.006352383177727461,0.008457,0.0002142838784493506,0.023994
2024-01-23,0.000832417223136872,-0.007868,0.007443411275744438,-0.00676,0.009617641568183899,0.001655
2024-01-24,0.003209436545148492,-0.001581,0.009055254980921745,0.01598,0.014922859147191048,0.015181
2024-01-25,0.00032345092040486634,-0.00317,0.007673022802919149,0.014496,0.0011969520710408688,-0.006537
2024-01-26,0.0036744349636137486,-0.004773,0.006290663965046406,-0.008672,-9.295000927522779e-05,0.013941
2024-01-29,0.0038223126903176308,-0.008006,0.0018904090393334627,-0.003324,-0.0013871444389224052,-0.004253
2024-01-30,-7.594241469632834e-05,0.00641,0.004521572031080723,-0.001666,0.005734769161790609,-0.014927
2024-01-31,-0.0015058384742587805,0.012699,0.005421000998467207,0.004575,-0.0005054110079072416,0.012794
2024-02-01,0.003959754481911659,-0.022329,0.0037002768367528915,0.002487,0.010143975727260113,-0.007862
2024-02-02,0.0018756523495540023,-0.003231,0.00016618374502286315,-0.015853,-0.0036880900152027607,-0.010199
2024-02-05,-0.0002026786096394062,-0.008124,0.006601911038160324,-0.005905,-0.0016003018245100975,-0.03477
2024-02-06,-0.0005732277641072869,-0.00819,0.006042374297976494,0.027125,-0.0034152609296143055,0.008966
2024-02-07,0.00043619846110232174,-0.008258,0.0038333216216415167,0.009832,0.00890018418431282,0.061705
2024-02-08,-0.002097942167893052,-0.013356,0.0022821833845227957,-0.00204,0.006952003575861454,-0.021508
2024-02-09,-0.0020468642469495535,-0.013537,0.0045511797070503235,0.012584,0.0068437191657722,-0.021355
2024-02-12,-0.00411611283197999,0.008482,0.0059552001766860485,-0.010136,0.00018203974468633533,0.010477
2024-02-13,-0.0030009259935468435,-0.00678,0.0047537218779325485,-0.01602,0.014845771715044975,-0.026983
2024-02-14,-0.0005548176704905927,0.005089,0.0027712497394531965,-0.008316,0.0002518075634725392,-0.001485
2024-02-15,0.0004437084135133773,0.003378,0.0021892921067774296,0.014508,-0.008938580751419067,0.005717
2024-02-16,-0.002571306424215436,-0.01017,0.001348460791632533,0.013489,-0.008859889581799507,-0.004868
2024-02-19,-0.0002863899862859398,-0.001705,0.001676489831879735,-0.010202,-0.0011212588287889957,-0.021661
2024-02-20,-0.0027572521939873695,0.006803,0.0006250965525396168,0.00817,0.01083825808018446,-0.006307
2024-02-21,-0.005356030538678169,0.010118,-0.0016900300979614258,0.061916,-0.005901790689677,0.005223
2024-02-22,0.0010587077122181654,-0.005046,-0.00036072073271498084,-0.023212,-0.0025694495998322964,-0.014098
2024-02-23,0.0014382477384060621,0.005046,0.0021404114086180925,0.00488,-0.003830535337328911,-0.023722
2024-02-26,-0.0010679305996745825,-0.013514,0.002342617604881525,0.000973,-0.002075727330520749,0.021408
2024-02-27,0.0001276106049772352,0.010152,0.005257738754153252,-0.007813,-0.007811988238245249,0.010425
2024-02-28,-0.0007569885347038507,-0.015267,0.0021280390210449696,0.012665,-0.001289985841140151,0.015383
2024-02-29,-0.0017686588689684868,0.005115,0.005578312557190657,0.0029,0.0095288110896945,0.031221
2024-03-01,-0.0051695117726922035,0.001699,0.004814425949007273,0.020068,0.0033411092590540648,0.028657
2024-03-04,-0.0030340866651386023,0.001696,0.006135407369583845,0.00754,0.004119040910154581,-0.012225
2024-03-05,8.851027087075636e-05,0.023452,0.0063581014983356,0.015836,0.0032810079865157604,0.000512
2024-03-06,-0.00031412087264470756,0.009885,0.0017366851679980755,0.001847,0.003175688674673438,-0.004827
2024-03-07,-0.0012509181397035718,0.006536,0.0014950756449252367,0.027299,-0.0016549602150917053,0.010242
2024-03-08,-0.0037279087118804455,-0.00163,0.009662882424890995,0.004478,-0.0003013715031556785,-0.002653
2024-03-11,0.00013511492579709738,0.004882,0.00767703028395772,-0.018035,-0.0019295127131044865,-0.00389
2024-03-12,-0.0005636571440845728,-0.001625,0.00659941928461194,0.01982,-0.0005391666782088578,0.000513
2024-03-13,-0.004706663079559803,0.009709,0.0057076276279985905,0.01593,-0.00406112102791667,-0.008235
2024-03-14,-0.0010578760411590338,-0.012966,0.007355540059506893,0.008741,0.0030567653011530638,0.001136
2024-03-15,0.002851074794307351,0.0,0.00339257949963212,0.004342,0.004829783923923969,-0.030185
2024-03-18,-0.005940944887697697,-0.009836,0.006404987536370754,-0.014841,0.009429899044334888,0.017927
2024-03-19,-0.0012873755767941475,0.001646,0.0010031919227913022,0.013974,-0.006646877620369196,0.009569
2024-03-20,-0.004834831692278385,0.003284,0.007475953083485365,0.006053,0.005237576086074114,-0.000414
2024-03-21,0.003077872795984149,-0.00493,0.004729344509541988,0.010292,-0.010507858358323574,0.019587
2024-03-22,-8.993806841317564e-05,0.001646,0.00593533692881465,0.004257,0.00438534514978528,0.018663
2024-03-25,-0.002208100399002433,-0.001646,0.0022403537295758724,0.006774,0.0003104310017079115,-0.004946
2024-03-26,-0.0023876263294368982,0.001646,0.00331010646186769,-0.01445,-0.002981015248224139,-0.016564
2024-03-27,-0.000955793249886483,0.014694,0.006310299504548311,-0.024265,-0.0028159278444945812,-0.017361
2024-04-03,-0.0008218124858103693,0.0,0.003554327180609107,0.00353,-0.001686556963250041,-0.012429
2024-04-04,-0.0006257599452510476,0.009967,-0.0004873430007137358,0.010517,-0.0015538951847702265,-0.001905
2024-04-05,-0.0024271656293421984,-0.023412,0.002430636202916503,0.018143,-0.0043071177788078785,-0.017033
2024-04-08,-0.0013287963811308146,-0.001693,0.00600395305082202,0.037804,0.0036662323400378227,0.018666
2024-04-09,0.0005215847049839795,-0.011935,0.004959008656442165,-0.034385,-0.0018879275303333998,0.006776
2024-04-10,0.0009420967544429004,-0.022551,0.001603362848982215,0.002556,-0.0028174787294119596,-0.03379
2024-04-11,-0.0032649405766278505,0.001753,0.011741076596081257,-0.000851,-0.004919927567243576,0.007238
2024-04-12,0.003126304131001234,0.027636,0.009831368923187256,0.013537,-0.0001141937100328505,-0.003613
2024-04-15,-0.001838436583057046,-0.003413,0.005260710138827562,0.011696,0.002396578900516033,0.0
2024-04-16,6.256352207856253e-05,-0.010309,-0.00033493206137791276,-0.018441,-0.007970512844622135,-0.011762
2024-04-17,-0.003867326071485877,0.0,0.00509400200098753,-0.001693,0.00042925088200718164,-0.006784
2024-04-18,-0.002963860984891653,0.013722,0.008837150409817696,0.013468,0.01023009605705738,0.002266
2024-04-19,0.0022261906415224075,0.015216,0.005605831276625395,-0.005029,0.0067598759196698666,0.000283
2024-04-22,0.0028546478133648634,0.014988,0.004301880951970816,-0.042925,-0.004304258618503809,0.033109
2024-04-23,0.00025799270952120423,0.011504,0.007329178508371115,-0.007042,-0.0024944778997451067,0.015748
2024-04-24,0.004959217272698879,-0.004914,0.00831575971096754,0.006165,-0.004023346118628979,-0.024544
2024-04-25,0.001088754739612341,-0.004938,0.0015648051630705595,0.00263,-0.0028513693250715733,-0.019516
2024-04-26,3.337492671562359e-05,0.011485,-0.0007894004811532795,0.013913,9.466480696573853e-05,0.032953
2024-04-29,0.0016610650345683098,0.011355,0.012799687683582306,0.014574,0.006186549086123705,0.008139
2024-04-30,0.009294532239437103,-0.003231,0.006965755019336939,-0.005975,-0.0025021403562277555,0.017941
2024-05-03,0.004823748022317886,0.001601,0.006784922443330288,-0.00973,-0.00482870964333415,0.008612
2024-05-07,0.0022688594181090593,0.007868,0.004602184984833002,0.010563,-0.0005981549038551748,0.03063
2024-05-08,0.006390695460140705,0.010912,0.0056577459909021854,-0.020346,0.0031185527332127094,0.019824
2024-05-14,0.0011669429950416088,-0.005944,0.006318225990980864,-0.018629,0.002573400968685746,0.012384
2024-05-15,0.0001827797677833587,0.019189,0.0007132201571948826,0.0,-0.004399220924824476,0.010204
2024-05-16,-0.0019002227345481515,-0.002928,0.005464015528559685,0.012739,0.011454159393906593,0.011106
2024-05-17,0.003884454956278205,-0.002937,0.00030487345065921545,-0.015306,0.0067881932482123375,-0.038899
2024-05-22,0.003659522393718362,-0.01044,0.0015789717435836792,0.005965,-0.000821353925857693,-0.014819
2024-05-23,0.00257652485743165,-0.009036,-0.00014282355550676584,0.027652,-0.0018494145479053259,0.001047
2024-05-24,0.0044593061320483685,-0.007593,0.0027011323254555464,0.010686,0.003827132983133197,-0.0092
2024-05-28,0.0012755306670442224,0.0,0.0049255602061748505,0.006452,0.0010849683312699199,0.02222
2024-05-29,0.002329458249732852,-0.013606,0.00013224297435954213,-0.005643,-0.005684845615178347,-0.042366
2024-05-30,0.001126614399254322,0.007582,-0.0006018552812747657,-0.043791,-0.002090302063152194,0.002316
2024-05-31,0.0010246610036119819,0.006024,0.004130538087338209,0.001688,0.00465026218444109,-0.008777
2024-06-03,0.0012918210122734308,0.013423,0.0008094002259895205,-0.017007,-0.005717400461435318,0.002331
2024-06-04,0.0015965146012604237,-0.001483,-0.0024510608054697514,-0.011212,-0.006621188018471003,-0.008051
2024-06-07,0.0001944658870343119,-0.013324,-0.0010145169217139482,-0.008666,0.004761888645589352,-0.014229
2024-06-10,-0.0009902960155159235,-0.004481,0.005306013859808445,-0.007864,0.007492311764508486,-0.019023
2024-06-11,0.000794585736002773,-0.016604,-0.002363682258874178,-0.005277,-0.0070589021779596806,-0.001895
2024-06-12,0.003042103722691536,0.010598,-0.000893307791557163,0.015748,0.0017479679081588984,0.003787
2024-06-13,0.0054213861003518105,-0.013647,0.0011039050295948982,-0.00435,0.004071056377142668,0.004579
2024-06-14,0.0019058570032939315,-0.032586,-0.004817035049200058,-0.024714,-0.005209482274949551,-0.021734
2024-06-17,-0.004823419265449047,-0.00316,-0.0028334930539131165,-0.002685,-0.00610362971201539,-0.038353
2024-06-18,-0.004115860443562269,0.020361,0.0023339532781392336,0.003578,0.00020347360987216234,0.00285
2024-06-19,0.0016070143319666386,-0.007782,0.004091720096766949,0.005343,0.0026106962468475103,0.008783
2024-06-20,0.001476889243349433,0.013965,-0.0016823108308017254,0.008842,-0.01052135694772005,0.010662
2024-06-21,0.0024838161189109087,-0.003086,-0.0011013045441359282,0.034606,-0.006856006104499102,-0.008127
2024-06-24,0.0048021720722317696,0.010761,0.0020032143220305443,0.02353,-0.003063216805458069,0.00281
2024-06-25,0.0021923931781202555,0.006098,0.004539532586932182,-0.009178,0.003812378505244851,-0.015552
2024-06-26,0.0018124869093298912,-0.00457,-0.0004975485499016941,0.030543,-0.005238603800535202,0.00313
2024-06-27,0.0032371089328080416,-0.007663,0.0029504236299544573,0.016129,-0.0010693545918911695,-0.055188
2024-06-28,0.0015588452806696296,-0.00154,0.008066516369581223,-0.025113,0.008821814320981503,-0.03234
2024-07-01,0.0027509310748428106,0.018321,-0.0054002790711820126,-0.009065,-0.007420085836201906,0.005257
2024-07-02,0.0003228838904760778,-0.00303,-6.026157643646002e-05,0.010704,-0.000662909762468189,-0.011478
2024-07-03,-0.001277180970646441,0.006051,-0.0007588462322019041,0.019465,-0.001358614070340991,0.015787
2024-07-04,0.0005051877233199775,0.003012,0.0064080581068992615,0.008,0.00986864697188139,0.002454
2024-07-05,0.004462465178221464,0.008982,-0.00028329651104286313,-0.014446,-0.011399403214454651,0.00428
2024-07-08,0.0029334763530641794,-0.005979,-0.0003538898308761418,-0.00405,0.0018062085146084428,-0.008271
2024-07-09,0.001446750946342945,-0.003003,0.000951030699070543,0.007279,-0.00183581979945302,-0.013939
2024-07-10,0.00694476580247283,0.011958,0.002817397704347968,0.023886,0.0010513955494388938,0.013939
2024-07-11,0.0030682890210300684,0.008876,0.003149726428091526,-0.039315,-0.0014701355248689651,0.012836
2024-07-12,0.0040628332644701,0.01462,0.0033402657136321068,0.034583,-0.0007837762241251767,0.022817
2024-07-15,0.0076946779154241085,-0.01462,0.007866526022553444,-0.022383,0.003775712801143527,-0.066579
2024-07-16,0.004884836729615927,-0.007391,-0.010554882697761059,-0.008932,-0.018802380189299583,-0.014701
2024-07-17,-0.0031059924513101578,0.004441,-0.006957291159778833,-0.047608,-0.004102901089936495,-0.018522
2024-07-18,-0.0050946432165801525,0.004422,0.006253011524677277,0.0,0.0031658189836889505,0.006212
2024-07-19,0.004775980953127146,-0.00738,-0.00037132675061002374,-0.000856,-0.007460519205778837,0.034282
2024-07-22,-0.0008821425144560635,-0.028552,-0.001807394903153181,0.013606,-0.007516802754253149,0.009404
2024-07-23,-0.0023074860218912363,0.004563,0.005277145188301802,0.002531,0.002610107185319066,-0.00909
2024-07-24,0.004016109276562929,0.006051,0.000735392386559397,0.011725,-0.005801160354167223,0.012827
2024-07-25,0.000994821428321302,0.004515,0.0031036578584462404,-0.024443,0.002950456691905856,0.002794
2024-07-26,0.000840929220430553,0.0015,-0.003223130712285638,-0.002563,-0.010843727737665176,0.005872
2024-07-29,0.0011573483934625983,-0.003003,-0.0013887067325413227,0.00682,-0.006206067278981209,0.023151
2024-08-01,-0.0022505007218569517,-0.010679,-0.001471201190724969,-0.032763,-0.004926276858896017,-0.009146
2024-08-02,-0.0018137033330276608,-0.004612,5.3095980547368526e-05,-0.043393,-0.001053318614140153,-0.013127
2024-08-05,-0.002563264686614275,-0.029713,0.004959624260663986,-0.043543,-0.004463760647922754,-0.070281
2024-08-06,0.0005743055371567607,0.0,-0.01264028437435627,0.022453,-0.018548116087913513,0.037
2024-08-07,-0.005008716136217117,0.020425,-0.005033478140830994,0.022828,-0.001393183134496212,0.04848
2024-08-08,0.000307465554215014,0.0,-0.0022739507257938385,-0.011349,-0.012047937139868736,-0.020317
2024-08-09,-0.0017253764672204852,-0.003115,0.002800693968310952,0.01048,0.010526581667363644,-0.003629
2024-08-12,-0.0023913560435175896,0.004669,0.00023611081996932626,0.010372,0.000506738608237356,-0.080725
2024-08-13,-0.0008977745892480016,0.010811,-0.003501459490507841,0.002576,0.0047233267687261105,0.034536
2024-08-14,-0.00047171543701551855,-0.003077,-0.0010720370337367058,0.013629,-0.009175382554531097,-0.016313
2024-08-19,0.0013946866383776069,0.00304,0.003389255842193961,0.015748,-0.009108581580221653,0.00812
2024-08-20,0.0011189536890015006,-0.001519,0.005452433135360479,0.007782,-0.014788893982768059,-0.030636
2024-08-21,0.002467632992193103,0.003035,-0.005286191590130329,-0.003884,-0.025649061426520348,-0.014212
2024-08-22,-0.0019511791178956628,0.001514,0.006519387010484934,0.006206,0.014443736523389816,0.000325
2024-08-23,-0.0033896209206432104,0.015015,0.010553293861448765,0.011534,0.0012930615339428186,0.009064
2024-08-27,0.003111157100647688,0.008902,0.0022473810240626335,0.003082,-0.00045091757783666253,-0.005861
2024-08-28,0.0022886539809405804,0.008824,-0.00015113316476345062,-0.003854,-0.013858752325177193,-0.008857
2024-08-29,0.0015717493370175362,0.002924,0.005024045705795288,0.009224,-0.0074945236556231976,0.010162
2024-08-30,0.004709716886281967,0.001459,0.00042952364310622215,-0.017754,-0.019844219088554382,0.010383
2024-09-02,0.0007340561132878065,0.004364,0.0014412279706448317,0.001556,0.002644939813762903,0.00129
2024-09-03,0.0003538354067131877,0.0,0.006639308296144009,-0.00624,-0.0020501771941781044,-0.014613
2024-09-04,0.0036910620983690023,-0.001452,0.00734064681455493,-0.007855,0.00047601538244634867,0.002614
2024-09-05,0.004580449312925339,0.017291,0.009423240087926388,-0.020718,-0.0007180971442721784,0.000326
2024-09-06,0.007863517850637436,0.007117,0.003126277355477214,-0.020334,-0.007033557165414095,-0.041624
2024-09-09,0.004981649573892355,0.0,0.005525481887161732,-0.007423,-0.0034751691855490208,0.014515
2024-09-10,0.005180115345865488,0.004246,-0.003664136864244938,-0.000828,-0.002299063140526414,0.00067
2024-09-11,0.00048758427146822214,-0.004246,-0.002205050550401211,0.004134,-0.005752884782850742,0.039723
2024-09-12,0.002661576960235834,0.004246,-0.0040773856453597546,0.014742,-0.01626664586365223,0.001929
2024-09-13,0.0009103613556362689,0.005634,-0.00026019092183560133,0.008097,0.0037020922172814608,0.043683
2024-09-16,0.0010398906888440251,0.001404,-0.0016822803299874067,0.016794,0.0005565414321608841,-0.021446
2024-09-17,0.0023214956745505333,0.006988,-0.0031453778501600027,0.028149,-0.0012458455748856068,0.024823
2024-09-18,0.0022263352293521166,-0.012614,-0.0005478149396367371,0.0,-0.0009078370057977736,0.00306
2024-09-19,0.0007989327423274517,-0.01707,-0.004648325964808464,0.028128,-0.011618557386100292,-0.004287
2024-09-20,0.0029693518299609423,0.002865,0.0020280308090150356,-0.006769,0.0026575084775686264,-0.024854
2024-09-23,-0.0008056238875724375,0.009964,0.0008819487411528826,-0.008337,-0.0007065218524076045,-0.000944
2024-09-24,0.003585187252610922,0.007057,-0.00598416430875659,-0.041171,-0.00038836622843518853,-0.021643
2024-09-25,0.0019896363373845816,-0.001407,-0.0015884810127317905,0.022737,-0.009966287761926651,-0.011
2024-09-26,0.002681929152458906,0.008415,-0.009180046617984772,0.003868,-0.004202466458082199,-0.017723
2024-09-27,-0.004032908473163843,0.006959,-0.003734042402356863,-0.027399,-0.002084113657474518,-0.003981
2024-10-01,-0.0035163459833711386,0.005556,-0.0010633657220751047,0.003945,0.0009119230671785772,-0.047438
2024-10-02,0.0036271018907427788,-0.015353,0.0006497192080132663,0.009404,0.017171887680888176,-0.008905
2024-10-03,0.0018389113247394562,-0.018453,0.0018540502060204744,-0.013349,0.003896634094417095,-0.009346
2024-10-04,0.00043770502088591456,-0.002869,-0.0013656655792146921,-0.002374,-0.009421093389391899,0.015765
2024-10-07,-0.0004155239148531109,-0.002878,0.0022673713974654675,-0.003175,0.0020576503593474627,0.011663
2024-10-08,0.002517473418265581,0.005747,0.002478692214936018,0.001589,0.0092415576800704,-0.020949
2024-10-09,0.00047508065472356975,0.002861,-0.0007048785337246954,0.007117,0.003044707467779517,0.018486
2024-10-10,-0.0008550393977202475,-0.002861,0.0030500232242047787,-0.014286,-0.018435919657349586,-0.03732
2024-10-11,0.003691172692924738,0.012812,0.001796692842617631,0.015074,-0.007870091125369072,-0.006235
2024-10-14,0.0032050744630396366,0.015439,0.004159912001341581,0.007843,-0.003961983602494001,-0.029496
2024-10-15,0.006216893438249826,0.00417,0.004644212778657675,0.014735,-0.009442072361707687,-0.048923
2024-10-16,0.0039570447988808155,0.011035,-0.002162207616493106,0.00077,-0.013415857218205929,0.018139
2024-10-17,0.0027593588456511497,0.004107,0.0038445459213107824,0.004605,0.005924367345869541,0.025083
2024-10-18,0.002970111323520541,0.001365,0.008858505636453629,-0.021673,0.005561530124396086,-0.013042
2024-10-21,0.004262188449501991,0.001363,0.003711158409714699,0.0,-0.010294889099895954,0.0
2024-10-22,0.0030958850402384996,-0.023433,0.0009245792753063142,-0.006279,0.006722576450556517,0.003084
2024-10-23,0.0010508194100111723,0.001394,0.0031365342438220978,-0.011881,0.003068774938583374,-0.014735
2024-10-24,0.002247634343802929,0.002782,0.0007726338808424771,0.007146,-0.0065632653422653675,0.024311
2024-10-25,0.004925876390188932,-0.00139,0.0014340932248160243,0.032688,-0.00015199783956632018,0.007596
2024-10-28,0.004407641943544149,0.002778,6.852630758658051e-05,0.013688,-0.011138295754790306,0.001512
2024-10-29,0.004887263756245375,-0.009756,0.0030195778235793114,0.003017,-0.0015919012948870659,-0.029132
2024-10-30,0.0029296944849193096,-0.008439,-8.070917101576924e-05,-0.015175,-0.0004902969230897725,0.007749
2024-10-31,-0.0006483546458184719,-0.015659,0.004125410225242376,-0.021639,0.008240281604230404,-0.00348
2024-11-01,0.002495998051017523,0.005722,-0.002436575014144182,0.011651,0.0010057430481538177,0.027127
2024-11-04,0.0026236367411911488,0.002849,0.0006889342912472785,-0.000772,7.565971463918686e-05,0.024573
2024-11-05,0.002966493833810091,-0.004277,0.0006417017430067062,0.006163,-0.002448673825711012,-0.130227
2024-11-06,-0.00025171376182697713,-0.026051,-0.0018899368587881327,-0.022525,-0.0020252508111298084,-0.137189
2024-11-07,0.0007733625243417919,-0.017752,-0.005963935051113367,-0.034362,0.006049274932593107,0.032619
2024-11-08,-0.002091888803988695,-0.00299,-0.0004522180533967912,0.002436,0.0032444028183817863,-0.028304
2024-11-11,-0.00022654220811091363,0.011905,0.0018502359744161367,0.01609,-0.030217330902814865,-0.017862
2024-11-12,0.0009783165296539664,-0.02547,0.0028771264478564262,-0.029152,-0.011096262373030186,-0.030967
2024-11-13,-0.0032037044875323772,0.004542,-0.0007744050235487521,0.022747,-0.008070864714682102,0.001205
2024-11-14,-0.0008861268870532513,0.022406,-0.00018534873379394412,-0.082858,-0.0022130042780190706,0.005604
2024-11-15,0.001097284723073244,0.00295,-0.0023758329916745424,0.010417,-0.01915864273905754,0.042019
2024-11-18,0.005501252133399248,-0.013343,0.0006471118540503085,-0.030691,-0.026004768908023834,-0.041021
2024-11-19,0.0017143954755738378,-0.008996,0.0019231601618230343,-0.017064,-0.023410296067595482,-0.016689
2024-11-20,-0.002373647876083851,-0.012121,-0.002331965835765004,0.00542,0.00646671699360013,0.023644
2024-11-21,-0.0018486302578821778,0.003044,-0.0026636573020368814,-0.012693,-0.005788329057395458,-0.017378
2024-11-22,-0.0015038350829854608,0.021053,-0.0031550780404359102,0.014493,-0.015148801729083061,0.002214
2024-11-25,-0.000517490494530648,0.002972,0.002601261716336012,-0.0018,-0.0026096676010638475,0.044434
2024-11-26,-0.000486693432321772,-0.004461,0.004228245001286268,-0.009959,-0.017486337572336197,-0.033736
2024-11-27,0.0011855363845825195,0.004461,-0.003226866479963064,0.009959,-0.02191920019686222,0.031329
2024-11-28,-0.002970127621665597,0.004441,-0.003696718253195286,0.006287,-0.023941490799188614,0.039221
2024-11-29,-0.001973002450540662,0.005891,0.000546974886674434,-0.025387,0.015276850201189518,0.016544
2024-12-02,-0.002294539473950863,0.002933,0.0014008547877892852,-0.008299,0.003116045380011201,0.006361
2024-12-03,-0.0008454639464616776,0.011645,0.004210316576063633,-0.03486,0.006298684049397707,-0.025225
2024-12-04,-5.084934309707023e-05,0.004332,0.0037356140092015266,0.024622,0.008266016840934753,-0.115371
2024-12-05,0.0021036353427916765,0.010036,-0.0076917544938623905,-0.000936,-0.009768040850758553,0.013873
2024-12-06,0.004283924587070942,-0.002857,-0.006718373391777277,-0.009407,0.0002803901443257928,0.00615
2024-12-09,-0.0005067724850960076,-0.010065,-0.0052119046449661255,-0.029738,-0.009971730411052704,0.045349
2024-12-10,-0.0007645268924534321,0.002886,0.0013753153616562486,-0.019666,-0.013208110816776752,-0.015748
2024-12-11,-0.0020032022148370743,-0.002886,0.0029389893170446157,0.011846,0.00556188402697444,-0.025318
2024-12-12,0.0001351933169644326,-0.001446,-0.008682711981236935,0.0,-0.00990084558725357,-0.02056
2024-12-13,-0.0016711094649508595,0.004332,-0.006529603619128466,0.01558,0.003682931652292609,-0.006879
2024-12-16,-0.0002897233352996409,0.011461,-0.004823700990527868,-0.008734,0.010031776502728462,0.002298
2024-12-17,-0.0020913719199597836,-0.008584,-0.0017444058321416378,-0.014728,-0.01813271827995777,-0.015139
2024-12-18,0.00267254956997931,-0.005764,-0.005077522248029709,0.029242,-0.025365477427840233,0.039058
2024-12-19,0.0007673752261325717,-0.017493,-0.0051843225955963135,-0.020379,-0.013182207942008972,-0.014158
2024-12-20,-0.0007927428232505918,0.00147,-0.0011503102723509073,0.00098,0.007333214860409498,-0.025111
2024-12-23,-0.0037017520517110825,-0.00147,-0.0029275831766426563,-0.001961,-0.009731466881930828,0.04435
2024-12-27,-0.001317634480074048,0.007326,0.001552273752167821,0.018474,-0.0009403126896359026,0.001823
2024-12-30,0.003285384038463235,0.005822,-0.008689811453223228,-0.008708,-0.015178756788372993,-0.007719
